-- MySQL dump 10.13  Distrib 8.0.23, for Win64 (x86_64)
--
-- Host: 127.0.0.1    Database: shopdoda
-- ------------------------------------------------------
-- Server version	8.0.23

/*!40101 SET @OLD_CHARACTER_SET_CLIENT=@@CHARACTER_SET_CLIENT */;
/*!40101 SET @OLD_CHARACTER_SET_RESULTS=@@CHARACTER_SET_RESULTS */;
/*!40101 SET @OLD_COLLATION_CONNECTION=@@COLLATION_CONNECTION */;
/*!50503 SET NAMES utf8 */;
/*!40103 SET @OLD_TIME_ZONE=@@TIME_ZONE */;
/*!40103 SET TIME_ZONE='+00:00' */;
/*!40014 SET @OLD_UNIQUE_CHECKS=@@UNIQUE_CHECKS, UNIQUE_CHECKS=0 */;
/*!40014 SET @OLD_FOREIGN_KEY_CHECKS=@@FOREIGN_KEY_CHECKS, FOREIGN_KEY_CHECKS=0 */;
/*!40101 SET @OLD_SQL_MODE=@@SQL_MODE, SQL_MODE='NO_AUTO_VALUE_ON_ZERO' */;
/*!40111 SET @OLD_SQL_NOTES=@@SQL_NOTES, SQL_NOTES=0 */;

--
-- Table structure for table `tbl_attribute`
--

DROP TABLE IF EXISTS `tbl_attribute`;
/*!40101 SET @saved_cs_client     = @@character_set_client */;
/*!50503 SET character_set_client = utf8mb4 */;
CREATE TABLE `tbl_attribute` (
  `id` int NOT NULL AUTO_INCREMENT,
  `name` varchar(100) CHARACTER SET utf8 COLLATE utf8_general_ci NOT NULL,
  `value` varchar(100) CHARACTER SET utf8mb4 COLLATE utf8mb4_bin NOT NULL,
  `description` varchar(500) COLLATE utf8mb4_bin DEFAULT NULL,
  `created_date` datetime DEFAULT NULL,
  `updated_date` datetime DEFAULT NULL,
  `created_by` int DEFAULT NULL,
  `updated_by` int DEFAULT NULL,
  `status` tinyint(1) DEFAULT '1',
  `seo` varchar(45) CHARACTER SET utf8mb4 COLLATE utf8mb4_bin DEFAULT NULL,
  PRIMARY KEY (`id`)
) ENGINE=InnoDB AUTO_INCREMENT=28 DEFAULT CHARSET=utf8mb4 COLLATE=utf8mb4_bin COMMENT='Bảng dữ liệu chứa thuộc tính sản phẩm';
/*!40101 SET character_set_client = @saved_cs_client */;

--
-- Dumping data for table `tbl_attribute`
--

LOCK TABLES `tbl_attribute` WRITE;
/*!40000 ALTER TABLE `tbl_attribute` DISABLE KEYS */;
/*!40000 ALTER TABLE `tbl_attribute` ENABLE KEYS */;
UNLOCK TABLES;

--
-- Table structure for table `tbl_category`
--

DROP TABLE IF EXISTS `tbl_category`;
/*!40101 SET @saved_cs_client     = @@character_set_client */;
/*!50503 SET character_set_client = utf8mb4 */;
CREATE TABLE `tbl_category` (
  `id` int NOT NULL AUTO_INCREMENT,
  `name` varchar(45) CHARACTER SET utf8 COLLATE utf8_general_ci NOT NULL,
  `description` varchar(45) CHARACTER SET utf8mb4 COLLATE utf8mb4_bin NOT NULL,
  `created_date` datetime DEFAULT NULL,
  `updated_date` datetime DEFAULT NULL,
  `created_by` int DEFAULT NULL,
  `updated_by` int DEFAULT NULL,
  `parent_id` int DEFAULT NULL,
  `status` tinyint(1) DEFAULT '1',
  `seo` varchar(45) CHARACTER SET utf8mb4 COLLATE utf8mb4_bin DEFAULT NULL,
  PRIMARY KEY (`id`),
  KEY `fk_internal_idx` (`parent_id`),
  CONSTRAINT `fk_internal` FOREIGN KEY (`parent_id`) REFERENCES `tbl_category` (`id`)
) ENGINE=InnoDB AUTO_INCREMENT=29 DEFAULT CHARSET=utf8mb4 COLLATE=utf8mb4_bin COMMENT='Bảng dữ liệu chứa danh mục sản phẩm';
/*!40101 SET character_set_client = @saved_cs_client */;

--
-- Dumping data for table `tbl_category`
--

LOCK TABLES `tbl_category` WRITE;
/*!40000 ALTER TABLE `tbl_category` DISABLE KEYS */;
INSERT INTO `tbl_category` VALUES (17,'Túi đeo chéo da','Túi đeo chéo da',NULL,NULL,8,NULL,NULL,1,'tui-deo-cheo-da'),(18,'Ba lô da','Ba lô da',NULL,NULL,8,NULL,NULL,1,'ba-lo-da'),(19,'Cặp da công sở','Cặp da công sở',NULL,NULL,8,NULL,NULL,1,'cap-da-cong-so'),(20,'Ví da','Ví da',NULL,NULL,8,NULL,NULL,1,'vi-da'),(23,'Dây da đồng hồ','<p>Dây da đồng hồ<br></p>','2021-03-21 14:51:51',NULL,8,NULL,NULL,1,'day-da-ong-ho'),(28,'Demo cat 1','<p>d</p>','2021-03-29 20:15:49',NULL,8,NULL,NULL,0,'demo-cat-1');
/*!40000 ALTER TABLE `tbl_category` ENABLE KEYS */;
UNLOCK TABLES;

--
-- Table structure for table `tbl_category_attribute`
--

DROP TABLE IF EXISTS `tbl_category_attribute`;
/*!40101 SET @saved_cs_client     = @@character_set_client */;
/*!50503 SET character_set_client = utf8mb4 */;
CREATE TABLE `tbl_category_attribute` (
  `id` int NOT NULL AUTO_INCREMENT,
  `category_id` int NOT NULL,
  `attribute_id` int NOT NULL,
  PRIMARY KEY (`id`),
  KEY `fk_category_idx` (`category_id`),
  KEY `fk_attribute_idx` (`attribute_id`),
  CONSTRAINT `fk_attribute` FOREIGN KEY (`attribute_id`) REFERENCES `tbl_attribute` (`id`),
  CONSTRAINT `fk_category` FOREIGN KEY (`category_id`) REFERENCES `tbl_category` (`id`)
) ENGINE=InnoDB DEFAULT CHARSET=utf8mb4 COLLATE=utf8mb4_bin;
/*!40101 SET character_set_client = @saved_cs_client */;

--
-- Dumping data for table `tbl_category_attribute`
--

LOCK TABLES `tbl_category_attribute` WRITE;
/*!40000 ALTER TABLE `tbl_category_attribute` DISABLE KEYS */;
/*!40000 ALTER TABLE `tbl_category_attribute` ENABLE KEYS */;
UNLOCK TABLES;

--
-- Table structure for table `tbl_comments`
--

DROP TABLE IF EXISTS `tbl_comments`;
/*!40101 SET @saved_cs_client     = @@character_set_client */;
/*!50503 SET character_set_client = utf8mb4 */;
CREATE TABLE `tbl_comments` (
  `id` int NOT NULL AUTO_INCREMENT,
  `user_id` int NOT NULL,
  `product_id` int NOT NULL,
  `message` varchar(1000) CHARACTER SET utf8mb4 COLLATE utf8mb4_bin NOT NULL,
  `created_date` datetime DEFAULT NULL,
  `updated_date` datetime DEFAULT NULL,
  `created_by` int DEFAULT NULL,
  `updated_by` int DEFAULT NULL,
  `status` tinyint(1) DEFAULT '1',
  PRIMARY KEY (`id`),
  KEY `fk_product_id` (`product_id`),
  KEY `fk_user_id` (`user_id`),
  CONSTRAINT `fk_product_id` FOREIGN KEY (`product_id`) REFERENCES `tbl_products` (`id`),
  CONSTRAINT `fk_user_id` FOREIGN KEY (`user_id`) REFERENCES `tbl_users` (`id`)
) ENGINE=InnoDB DEFAULT CHARSET=utf8mb4 COLLATE=utf8mb4_bin COMMENT='Bảng dữ liệu chứa comment sản phẩm';
/*!40101 SET character_set_client = @saved_cs_client */;

--
-- Dumping data for table `tbl_comments`
--

LOCK TABLES `tbl_comments` WRITE;
/*!40000 ALTER TABLE `tbl_comments` DISABLE KEYS */;
/*!40000 ALTER TABLE `tbl_comments` ENABLE KEYS */;
UNLOCK TABLES;

--
-- Table structure for table `tbl_contact`
--

DROP TABLE IF EXISTS `tbl_contact`;
/*!40101 SET @saved_cs_client     = @@character_set_client */;
/*!50503 SET character_set_client = utf8mb4 */;
CREATE TABLE `tbl_contact` (
  `id` int NOT NULL AUTO_INCREMENT,
  `first_name` varchar(45) CHARACTER SET utf8 COLLATE utf8_general_ci NOT NULL,
  `last_name` varchar(45) CHARACTER SET utf8mb4 COLLATE utf8mb4_bin NOT NULL,
  `email` varchar(45) CHARACTER SET utf8mb4 COLLATE utf8mb4_bin NOT NULL,
  `request_type` varchar(45) CHARACTER SET utf8mb4 COLLATE utf8mb4_bin NOT NULL,
  `message` varchar(1000) CHARACTER SET utf8mb4 COLLATE utf8mb4_bin NOT NULL,
  `created_date` datetime DEFAULT NULL,
  `updated_date` datetime DEFAULT NULL,
  `created_by` int DEFAULT NULL,
  `updated_by` int DEFAULT NULL,
  `status` tinyint(1) DEFAULT '1',
  PRIMARY KEY (`id`)
) ENGINE=InnoDB AUTO_INCREMENT=4 DEFAULT CHARSET=utf8mb4 COLLATE=utf8mb4_bin COMMENT='Bảng dữ liệu chứa thông tin liên hệ';
/*!40101 SET character_set_client = @saved_cs_client */;

--
-- Dumping data for table `tbl_contact`
--

LOCK TABLES `tbl_contact` WRITE;
/*!40000 ALTER TABLE `tbl_contact` DISABLE KEYS */;
INSERT INTO `tbl_contact` VALUES (3,'Dương Thanh','Phong','phong@gmail.com','LIEN_HE','tin nhắn',NULL,NULL,NULL,NULL,1);
/*!40000 ALTER TABLE `tbl_contact` ENABLE KEYS */;
UNLOCK TABLES;

--
-- Table structure for table `tbl_products`
--

DROP TABLE IF EXISTS `tbl_products`;
/*!40101 SET @saved_cs_client     = @@character_set_client */;
/*!50503 SET character_set_client = utf8mb4 */;
CREATE TABLE `tbl_products` (
  `id` int NOT NULL AUTO_INCREMENT,
  `title` varchar(1000) CHARACTER SET utf8 COLLATE utf8_general_ci NOT NULL,
  `price` decimal(13,2) DEFAULT NULL,
  `price_sale` decimal(13,2) DEFAULT NULL,
  `short_description` varchar(3000) CHARACTER SET utf8 COLLATE utf8_general_ci NOT NULL,
  `detail_description` longtext CHARACTER SET utf8mb4 COLLATE utf8mb4_bin NOT NULL,
  `avatar` varchar(200) CHARACTER SET utf8mb4 COLLATE utf8mb4_bin DEFAULT NULL,
  `category_id` int DEFAULT NULL,
  `created_date` datetime DEFAULT NULL,
  `updated_date` datetime DEFAULT NULL,
  `created_by` int DEFAULT NULL,
  `updated_by` int DEFAULT NULL,
  `status` tinyint(1) DEFAULT '1',
  `seo` varchar(1000) CHARACTER SET utf8mb4 COLLATE utf8mb4_bin DEFAULT NULL,
  PRIMARY KEY (`id`),
  KEY `fk_category_products_idx` (`category_id`),
  CONSTRAINT `fk_category_products` FOREIGN KEY (`category_id`) REFERENCES `tbl_category` (`id`) ON DELETE RESTRICT
) ENGINE=InnoDB AUTO_INCREMENT=73 DEFAULT CHARSET=utf8mb4 COLLATE=utf8mb4_bin COMMENT='Bảng dữ liệu chứa danh mục sản phẩm';
/*!40101 SET character_set_client = @saved_cs_client */;

--
-- Dumping data for table `tbl_products`
--

LOCK TABLES `tbl_products` WRITE;
/*!40000 ALTER TABLE `tbl_products` DISABLE KEYS */;
INSERT INTO `tbl_products` VALUES (58,'Túi Đeo Chéo Da Nam Lata BALC27D',420000.00,NULL,'','<div class=\"panel-heading\" role=\"tab\" id=\"heading-product-description\" style=\"margin: 0px; padding: 15px; font-family: SVN_Gotham, sans-serif; border: 0px; border-top-left-radius: 3px; border-top-right-radius: 3px; color: rgb(51, 51, 51); background-color: rgb(255, 255, 255); font-size: 14px;\"><h4 class=\"panel-title\" style=\"margin-right: -15px; margin-bottom: 0px; margin-left: -15px; padding: 0px; font-family: inherit; line-height: 18px; color: inherit; font-size: 13px;\"><a class=\"text-uppercase\" role=\"button\" data-toggle=\"collapse\" data-parent=\"#accordion\" href=\"https://latashop.com/products/tui-deo-cheo-da-nam-lata-balc27d-mau-den#product-description\" aria-expanded=\"false\" aria-controls=\"product-description\" style=\"margin: 0px; padding: 0px; color: inherit; outline: none; transition: opacity 150ms linear 0s, color 150ms linear 0s, background 150ms linear 0s; line-height: 1.1; position: relative; display: block;\">MÔ TẢ SẢN PHẨM</a></h4></div><div id=\"product-description\" class=\"panel-collapse collapse in\" role=\"tabpanel\" aria-labelledby=\"heading-product-description\" style=\"margin: 0px; padding: 0px; font-family: SVN_Gotham, sans-serif; display: block; visibility: visible; color: rgb(37, 42, 43); font-size: 14px;\"><div class=\"panel-body\" style=\"margin: 0px; padding: 0px; border: 0px;\"><div class=\"description-content\" style=\"margin: 0px; padding: 0px; background: rgb(245, 245, 245);\"><div class=\"description-productdetail\" style=\"margin: 0px; padding: 0px; background: rgb(255, 255, 255); font-size: 13px;\"><div id=\"ega-uti-editable-content\" data-platform=\"haravan\" data-id=\"1030619366\" style=\"margin: 0px; padding: 0px;\"><p style=\"margin-right: 0px; margin-bottom: 10px; margin-left: 0px; padding: 0px; line-height: 21px;\"><span style=\"margin: 0px; padding: 0px; font-weight: 700;\"><a href=\"https://latashop.com/collections/tui-deo-cheo-da-nam\" style=\"margin: 0px; padding: 0px; color: rgb(37, 42, 43); outline: none; transition: opacity 150ms linear 0s, color 150ms linear 0s, background 150ms linear 0s;\">Túi đeo chéo da nam Lata</a></span>&nbsp;BALC27 với kiểu dáng trẻ trung, thích hợp cho các bạn thời hiện đại. Với 4 gam màu trung tính bạn có thể lựa chọn. Bò đậm thanh lịch, bò nhạt trẻ trung, nâu mạnh mẽ và đen cá tính.</p><p style=\"margin-right: 0px; margin-bottom: 10px; margin-left: 0px; padding: 0px; line-height: 21px;\">THÔNG TIN KỸ THUẬT</p><hr style=\"margin: 0px 0px 10px; padding: 0px; width: 570px; border-top-color: rgb(174, 176, 176);\"><p style=\"margin-right: 0px; margin-bottom: 10px; margin-left: 0px; padding: 0px; line-height: 21px;\"><span style=\"margin: 0px; padding: 0px; font-weight: 700;\">Kích thước</span>: Dài 26cm x rộng 6,5cm x cao 12cm</p><hr style=\"margin: 0px 0px 10px; padding: 0px; width: 570px; border-top-color: rgb(174, 176, 176);\"><p style=\"margin-right: 0px; margin-bottom: 10px; margin-left: 0px; padding: 0px; line-height: 21px;\"><span style=\"margin: 0px; padding: 0px; font-weight: 700;\">Số ngăn</span>: 5 ngăn ( 1 ngăn chính, 4 ngăn phụ )</p><hr style=\"margin: 0px 0px 10px; padding: 0px; width: 570px; border-top-color: rgb(174, 176, 176);\"><p style=\"margin-right: 0px; margin-bottom: 10px; margin-left: 0px; padding: 0px; line-height: 21px;\"><span style=\"margin: 0px; padding: 0px; font-weight: 700;\">Công dụng</span>&nbsp;:Đựng vừa sổ tay, điện thoại Iphone 11 ProMax, ví tiền, cáp sạc</p><hr style=\"margin: 0px 0px 10px; padding: 0px; width: 570px; border-top-color: rgb(174, 176, 176);\"><p style=\"margin-right: 0px; margin-bottom: 10px; margin-left: 0px; padding: 0px; line-height: 21px;\"><span style=\"margin: 0px; padding: 0px; font-weight: 700;\">Trọng lượng</span>&nbsp;: 298 grams</p><hr style=\"margin: 0px 0px 10px; padding: 0px; width: 570px; border-top-color: rgb(174, 176, 176);\"><p style=\"margin-right: 0px; margin-bottom: 10px; margin-left: 0px; padding: 0px; line-height: 21px;\"><span style=\"margin: 0px; padding: 0px; font-weight: 700;\">Chất liệu:</span>&nbsp;Da tổng hợp cao cấp (*)</p><hr style=\"margin: 0px 0px 10px; padding: 0px; width: 570px; border-top-color: rgb(174, 176, 176);\"><p style=\"margin-right: 0px; margin-bottom: 10px; margin-left: 0px; padding: 0px; line-height: 21px;\"><span style=\"margin: 0px; padding: 0px; font-weight: 700;\">Xuất xứ:</span>&nbsp;Việt Nam</p><p style=\"margin-right: 0px; margin-bottom: 10px; margin-left: 0px; padding: 0px; line-height: 21px;\">(*) Chất liệu da tổng hợp cao cấp giúp sản phẩm luôn sáng bóng, chống thấm nước và bền bỉ, sử dụng lâu dài không bị bong tróc hay nổ da.</p></div></div></div></div></div>','product/avatar/tui-deo-cheo-1.JPG',17,'2021-03-12 15:53:31',NULL,NULL,NULL,1,'tui-eo-cheo-da-nam-lata-balc27d-1615539210668'),(59,'Túi Đeo Chéo Da Nam Lata BALC27N',420000.00,NULL,'','<p style=\"margin-right: 0px; margin-bottom: 10px; margin-left: 0px; padding: 0px; font-family: SVN_Gotham, sans-serif; line-height: 21px; color: rgb(37, 42, 43); font-size: 13px; background-color: rgb(255, 255, 255);\"><span style=\"margin: 0px; padding: 0px; font-weight: 700;\"><a href=\"https://latashop.com/collections/tui-deo-cheo-da-nam\" style=\"margin: 0px; padding: 0px; color: rgb(37, 42, 43); outline: none; transition: opacity 150ms linear 0s, color 150ms linear 0s, background 150ms linear 0s;\">Túi đeo chéo da nam Lata</a></span>&nbsp;BALC27 với kiểu dáng trẻ trung, thích hợp cho các bạn thời hiện đại. Với 4 gam màu trung tính bạn có thể lựa chọn. Bò đậm thanh lịch, bò nhạt trẻ trung, nâu mạnh mẽ và đen cá tính.</p><p style=\"margin-right: 0px; margin-bottom: 10px; margin-left: 0px; padding: 0px; font-family: SVN_Gotham, sans-serif; line-height: 21px; color: rgb(37, 42, 43); font-size: 13px; background-color: rgb(255, 255, 255);\">THÔNG TIN KỸ THUẬT</p><hr style=\"margin: 0px 0px 10px; padding: 0px; font-family: SVN_Gotham, sans-serif; width: 570px; border-top-color: rgb(174, 176, 176); color: rgb(37, 42, 43); font-size: 13px; background-color: rgb(255, 255, 255);\"><p style=\"margin-right: 0px; margin-bottom: 10px; margin-left: 0px; padding: 0px; font-family: SVN_Gotham, sans-serif; line-height: 21px; color: rgb(37, 42, 43); font-size: 13px; background-color: rgb(255, 255, 255);\"><span style=\"margin: 0px; padding: 0px; font-weight: 700;\">Kích thước</span>: Dài 26cm x rộng 6,5cm x cao 12cm</p><hr style=\"margin: 0px 0px 10px; padding: 0px; font-family: SVN_Gotham, sans-serif; width: 570px; border-top-color: rgb(174, 176, 176); color: rgb(37, 42, 43); font-size: 13px; background-color: rgb(255, 255, 255);\"><p style=\"margin-right: 0px; margin-bottom: 10px; margin-left: 0px; padding: 0px; font-family: SVN_Gotham, sans-serif; line-height: 21px; color: rgb(37, 42, 43); font-size: 13px; background-color: rgb(255, 255, 255);\"><span style=\"margin: 0px; padding: 0px; font-weight: 700;\">Số ngăn</span>: 5 ngăn ( 1 ngăn chính, 4 ngăn phụ )</p><hr style=\"margin: 0px 0px 10px; padding: 0px; font-family: SVN_Gotham, sans-serif; width: 570px; border-top-color: rgb(174, 176, 176); color: rgb(37, 42, 43); font-size: 13px; background-color: rgb(255, 255, 255);\"><p style=\"margin-right: 0px; margin-bottom: 10px; margin-left: 0px; padding: 0px; font-family: SVN_Gotham, sans-serif; line-height: 21px; color: rgb(37, 42, 43); font-size: 13px; background-color: rgb(255, 255, 255);\"><span style=\"margin: 0px; padding: 0px; font-weight: 700;\">Công dụng</span>&nbsp;:Đựng vừa sổ tay, điện thoại Iphone 11 ProMax, ví tiền, cáp sạc</p><hr style=\"margin: 0px 0px 10px; padding: 0px; font-family: SVN_Gotham, sans-serif; width: 570px; border-top-color: rgb(174, 176, 176); color: rgb(37, 42, 43); font-size: 13px; background-color: rgb(255, 255, 255);\"><p style=\"margin-right: 0px; margin-bottom: 10px; margin-left: 0px; padding: 0px; font-family: SVN_Gotham, sans-serif; line-height: 21px; color: rgb(37, 42, 43); font-size: 13px; background-color: rgb(255, 255, 255);\"><span style=\"margin: 0px; padding: 0px; font-weight: 700;\">Trọng lượng</span>&nbsp;: 298 grams</p><hr style=\"margin: 0px 0px 10px; padding: 0px; font-family: SVN_Gotham, sans-serif; width: 570px; border-top-color: rgb(174, 176, 176); color: rgb(37, 42, 43); font-size: 13px; background-color: rgb(255, 255, 255);\"><p style=\"margin-right: 0px; margin-bottom: 10px; margin-left: 0px; padding: 0px; font-family: SVN_Gotham, sans-serif; line-height: 21px; color: rgb(37, 42, 43); font-size: 13px; background-color: rgb(255, 255, 255);\"><span style=\"margin: 0px; padding: 0px; font-weight: 700;\">Chất liệu:</span>&nbsp;Da tổng hợp cao cấp (*)</p><hr style=\"margin: 0px 0px 10px; padding: 0px; font-family: SVN_Gotham, sans-serif; width: 570px; border-top-color: rgb(174, 176, 176); color: rgb(37, 42, 43); font-size: 13px; background-color: rgb(255, 255, 255);\"><p style=\"margin-right: 0px; margin-bottom: 10px; margin-left: 0px; padding: 0px; font-family: SVN_Gotham, sans-serif; line-height: 21px; color: rgb(37, 42, 43); font-size: 13px; background-color: rgb(255, 255, 255);\"><span style=\"margin: 0px; padding: 0px; font-weight: 700;\">Xuất xứ:</span>&nbsp;Việt Nam</p><p style=\"margin-right: 0px; margin-bottom: 10px; margin-left: 0px; padding: 0px; font-family: SVN_Gotham, sans-serif; line-height: 21px; color: rgb(37, 42, 43); font-size: 13px; background-color: rgb(255, 255, 255);\">(*) Chất liệu da tổng hợp cao cấp giúp sản phẩm luôn sáng bóng, chống thấm nước và bền bỉ, sử dụng lâu dài không bị bong tróc hay nổ da.</p>','product/avatar/tui-deo-cheo-2.JPG',17,'2021-03-12 15:53:39',NULL,NULL,NULL,1,'tui-eo-cheo-da-nam-lata-balc27n-1615539219459'),(60,'Túi Đeo Chéo Da Nam Lata BALC27BN',420000.00,NULL,'','<p style=\"margin-right: 0px; margin-bottom: 10px; margin-left: 0px; padding: 0px; font-family: SVN_Gotham, sans-serif; line-height: 21px; color: rgb(37, 42, 43); font-size: 13px; background-color: rgb(255, 255, 255);\"><span style=\"margin: 0px; padding: 0px; font-weight: 700;\"><a href=\"https://latashop.com/collections/tui-deo-cheo-da-nam\" style=\"margin: 0px; padding: 0px; color: rgb(37, 42, 43); outline: none; transition: opacity 150ms linear 0s, color 150ms linear 0s, background 150ms linear 0s;\">Túi đeo chéo da nam Lata</a></span>&nbsp;BALC27 với kiểu dáng trẻ trung, thích hợp cho các bạn thời hiện đại. Với 4 gam màu trung tính bạn có thể lựa chọn. Bò đậm thanh lịch, bò nhạt trẻ trung, nâu mạnh mẽ và đen cá tính.</p><p style=\"margin-right: 0px; margin-bottom: 10px; margin-left: 0px; padding: 0px; font-family: SVN_Gotham, sans-serif; line-height: 21px; color: rgb(37, 42, 43); font-size: 13px; background-color: rgb(255, 255, 255);\">THÔNG TIN KỸ THUẬT</p><hr style=\"margin: 0px 0px 10px; padding: 0px; font-family: SVN_Gotham, sans-serif; width: 570px; border-top-color: rgb(174, 176, 176); color: rgb(37, 42, 43); font-size: 13px; background-color: rgb(255, 255, 255);\"><p style=\"margin-right: 0px; margin-bottom: 10px; margin-left: 0px; padding: 0px; font-family: SVN_Gotham, sans-serif; line-height: 21px; color: rgb(37, 42, 43); font-size: 13px; background-color: rgb(255, 255, 255);\"><span style=\"margin: 0px; padding: 0px; font-weight: 700;\">Kích thước</span>: Dài 26cm x rộng 6,5cm x cao 12cm</p><hr style=\"margin: 0px 0px 10px; padding: 0px; font-family: SVN_Gotham, sans-serif; width: 570px; border-top-color: rgb(174, 176, 176); color: rgb(37, 42, 43); font-size: 13px; background-color: rgb(255, 255, 255);\"><p style=\"margin-right: 0px; margin-bottom: 10px; margin-left: 0px; padding: 0px; font-family: SVN_Gotham, sans-serif; line-height: 21px; color: rgb(37, 42, 43); font-size: 13px; background-color: rgb(255, 255, 255);\"><span style=\"margin: 0px; padding: 0px; font-weight: 700;\">Số ngăn</span>: 5 ngăn ( 1 ngăn chính, 4 ngăn phụ )</p><hr style=\"margin: 0px 0px 10px; padding: 0px; font-family: SVN_Gotham, sans-serif; width: 570px; border-top-color: rgb(174, 176, 176); color: rgb(37, 42, 43); font-size: 13px; background-color: rgb(255, 255, 255);\"><p style=\"margin-right: 0px; margin-bottom: 10px; margin-left: 0px; padding: 0px; font-family: SVN_Gotham, sans-serif; line-height: 21px; color: rgb(37, 42, 43); font-size: 13px; background-color: rgb(255, 255, 255);\"><span style=\"margin: 0px; padding: 0px; font-weight: 700;\">Công dụng</span>&nbsp;:Đựng vừa sổ tay, điện thoại Iphone 11 ProMax, ví tiền, cáp sạc</p><hr style=\"margin: 0px 0px 10px; padding: 0px; font-family: SVN_Gotham, sans-serif; width: 570px; border-top-color: rgb(174, 176, 176); color: rgb(37, 42, 43); font-size: 13px; background-color: rgb(255, 255, 255);\"><p style=\"margin-right: 0px; margin-bottom: 10px; margin-left: 0px; padding: 0px; font-family: SVN_Gotham, sans-serif; line-height: 21px; color: rgb(37, 42, 43); font-size: 13px; background-color: rgb(255, 255, 255);\"><span style=\"margin: 0px; padding: 0px; font-weight: 700;\">Trọng lượng</span>&nbsp;: 298 grams</p><hr style=\"margin: 0px 0px 10px; padding: 0px; font-family: SVN_Gotham, sans-serif; width: 570px; border-top-color: rgb(174, 176, 176); color: rgb(37, 42, 43); font-size: 13px; background-color: rgb(255, 255, 255);\"><p style=\"margin-right: 0px; margin-bottom: 10px; margin-left: 0px; padding: 0px; font-family: SVN_Gotham, sans-serif; line-height: 21px; color: rgb(37, 42, 43); font-size: 13px; background-color: rgb(255, 255, 255);\"><span style=\"margin: 0px; padding: 0px; font-weight: 700;\">Chất liệu:</span>&nbsp;Da tổng hợp cao cấp (*)</p><hr style=\"margin: 0px 0px 10px; padding: 0px; font-family: SVN_Gotham, sans-serif; width: 570px; border-top-color: rgb(174, 176, 176); color: rgb(37, 42, 43); font-size: 13px; background-color: rgb(255, 255, 255);\"><p style=\"margin-right: 0px; margin-bottom: 10px; margin-left: 0px; padding: 0px; font-family: SVN_Gotham, sans-serif; line-height: 21px; color: rgb(37, 42, 43); font-size: 13px; background-color: rgb(255, 255, 255);\"><span style=\"margin: 0px; padding: 0px; font-weight: 700;\">Xuất xứ:</span>&nbsp;Việt Nam</p><p style=\"margin-right: 0px; margin-bottom: 10px; margin-left: 0px; padding: 0px; font-family: SVN_Gotham, sans-serif; line-height: 21px; color: rgb(37, 42, 43); font-size: 13px; background-color: rgb(255, 255, 255);\">(*) Chất liệu da tổng hợp cao cấp giúp sản phẩm luôn sáng bóng, chống thấm nước và bền bỉ, sử dụng lâu dài không bị bong tróc hay nổ da.</p>','product/avatar/tui-deo-cheo-3.JPG',17,'2021-03-12 15:53:48',NULL,NULL,NULL,1,'tui-eo-cheo-da-nam-lata-balc27bn-1615539227619'),(61,'Balo Da Lata BAL39BD',711000.00,790000.00,'','<p style=\"margin-right: 0px; margin-bottom: 10px; margin-left: 0px; padding: 0px; font-family: SVN_Gotham, sans-serif; line-height: 21px; color: rgb(37, 42, 43); font-size: 13px; background-color: rgb(255, 255, 255);\"><a href=\"https://latashop.com/collections/vi-da-nu\" style=\"margin: 0px; padding: 0px; color: rgb(37, 42, 43); outline: none; transition: opacity 150ms linear 0s, color 150ms linear 0s, background 150ms linear 0s;\"><span style=\"margin: 0px; padding: 0px; font-weight: 700;\">Balo da Lata BAL39</span></a>&nbsp;được thiết kế đơn giản chỉ một tông màu cổ điển. Mặt trước có 1 ngăn tiện dụng và hai ngăn phụ hai bên, với quai xách và quai mang đều làm bằng da tổng hợp cao cấp, có độ đàn hồi nhât định, bền bỉ và không thấm nước. Ngoài ra mẫu balo này còn đựng vừa laptop tối đa 14 inch, rất thích hợp đi học, đi chơi, và đi làm.</p><p style=\"margin-right: 0px; margin-bottom: 10px; margin-left: 0px; padding: 0px; font-family: SVN_Gotham, sans-serif; line-height: 21px; color: rgb(37, 42, 43); font-size: 13px; background-color: rgb(255, 255, 255);\"><span style=\"margin: 0px; padding: 0px; font-weight: 700;\">THÔNG SỐ KỸ THUẬT:</span></p><hr style=\"margin: 0px 0px 10px; padding: 0px; font-family: SVN_Gotham, sans-serif; width: 570px; border-top-color: rgb(174, 176, 176); color: rgb(37, 42, 43); font-size: 13px; background-color: rgb(255, 255, 255);\"><p style=\"margin-right: 0px; margin-bottom: 10px; margin-left: 0px; padding: 0px; font-family: SVN_Gotham, sans-serif; line-height: 21px; color: rgb(37, 42, 43); font-size: 13px; background-color: rgb(255, 255, 255);\"><span style=\"margin: 0px; padding: 0px; font-weight: 700;\">- Kích thước:</span><span style=\"margin: 0px; padding: 0px;\">&nbsp;</span>Dài 28cm x Rộng 9cm x Cao 40cm</p><hr style=\"margin: 0px 0px 10px; padding: 0px; font-family: SVN_Gotham, sans-serif; width: 570px; border-top-color: rgb(174, 176, 176); color: rgb(37, 42, 43); font-size: 13px; background-color: rgb(255, 255, 255);\"><p style=\"margin-right: 0px; margin-bottom: 10px; margin-left: 0px; padding: 0px; font-family: SVN_Gotham, sans-serif; line-height: 21px; color: rgb(37, 42, 43); font-size: 13px; background-color: rgb(255, 255, 255);\"><span style=\"margin: 0px; padding: 0px; font-weight: 700;\">- Số ngăn:</span><span style=\"margin: 0px; padding: 0px;\">&nbsp;</span>7 ngăn ( 1 ngăn chính + 5 ngăn phụ + 1 ngăn laptop )</p><hr style=\"margin: 0px 0px 10px; padding: 0px; font-family: SVN_Gotham, sans-serif; width: 570px; border-top-color: rgb(174, 176, 176); color: rgb(37, 42, 43); font-size: 13px; background-color: rgb(255, 255, 255);\"><p style=\"margin-right: 0px; margin-bottom: 10px; margin-left: 0px; padding: 0px; font-family: SVN_Gotham, sans-serif; line-height: 21px; color: rgb(37, 42, 43); font-size: 13px; background-color: rgb(255, 255, 255);\"><span style=\"margin: 0px; padding: 0px; font-weight: 700;\">- Màu sắc:</span><span style=\"margin: 0px; padding: 0px;\">&nbsp;</span>Bò đậm, Bò nhạt, Nâu, Đen</p><hr style=\"margin: 0px 0px 10px; padding: 0px; font-family: SVN_Gotham, sans-serif; width: 570px; border-top-color: rgb(174, 176, 176); color: rgb(37, 42, 43); font-size: 13px; background-color: rgb(255, 255, 255);\"><p style=\"margin-right: 0px; margin-bottom: 10px; margin-left: 0px; padding: 0px; font-family: SVN_Gotham, sans-serif; line-height: 21px; color: rgb(37, 42, 43); font-size: 13px; background-color: rgb(255, 255, 255);\"><span style=\"margin: 0px; padding: 0px; font-weight: 700;\">- Trọng lượng:</span><span style=\"margin: 0px; padding: 0px;\">&nbsp;</span>1089g</p><hr style=\"margin: 0px 0px 10px; padding: 0px; font-family: SVN_Gotham, sans-serif; width: 570px; border-top-color: rgb(174, 176, 176); color: rgb(37, 42, 43); font-size: 13px; background-color: rgb(255, 255, 255);\"><p style=\"margin-right: 0px; margin-bottom: 10px; margin-left: 0px; padding: 0px; font-family: SVN_Gotham, sans-serif; line-height: 21px; color: rgb(37, 42, 43); font-size: 13px; background-color: rgb(255, 255, 255);\"><span style=\"margin: 0px; padding: 0px; font-weight: 700;\">- Xuất xứ:</span><span style=\"margin: 0px; padding: 0px;\">&nbsp;</span>Việt Nam</p><hr style=\"margin: 0px 0px 10px; padding: 0px; font-family: SVN_Gotham, sans-serif; width: 570px; border-top-color: rgb(174, 176, 176); color: rgb(37, 42, 43); font-size: 13px; background-color: rgb(255, 255, 255);\"><p style=\"margin-right: 0px; margin-bottom: 10px; margin-left: 0px; padding: 0px; font-family: SVN_Gotham, sans-serif; line-height: 21px; color: rgb(37, 42, 43); font-size: 13px; background-color: rgb(255, 255, 255);\"><span style=\"margin: 0px; padding: 0px; font-weight: 700;\">- Chất liệu:</span><span style=\"margin: 0px; padding: 0px;\">&nbsp;</span>Da tổng hợp cao cấp (*)</p><p style=\"margin-right: 0px; margin-bottom: 10px; margin-left: 0px; padding: 0px; font-family: SVN_Gotham, sans-serif; line-height: 21px; color: rgb(37, 42, 43); font-size: 13px; background-color: rgb(255, 255, 255);\">(*) Chất liệu da tổng hợp cao cấp, không bong tróc tự nhiên và không thấm nước. Lớp lót phía trong làm bằng vải nhung mềm mại. Balo thời trang BAL39 dễ bảo quản và có khả năng chống chịu tốt với môi trường khắc nghiệt.</p>','product/avatar/balo-1.JPG',18,'2021-03-12 15:53:56',NULL,NULL,NULL,1,'balo-da-lata-bal39bd-1615539236205'),(62,'Balo Da Lata BAL39D',711000.00,790000.00,'','<p style=\"margin-right: 0px; margin-bottom: 10px; margin-left: 0px; padding: 0px; font-family: SVN_Gotham, sans-serif; line-height: 21px; color: rgb(37, 42, 43); font-size: 13px; background-color: rgb(255, 255, 255);\"><a href=\"https://latashop.com/collections/vi-da-nu\" style=\"margin: 0px; padding: 0px; color: rgb(37, 42, 43); outline: none; transition: opacity 150ms linear 0s, color 150ms linear 0s, background 150ms linear 0s;\"><span style=\"margin: 0px; padding: 0px; font-weight: 700;\">Balo da Lata BAL39</span></a>&nbsp;được thiết kế đơn giản chỉ một tông màu cổ điển. Mặt trước có 1 ngăn tiện dụng và hai ngăn phụ hai bên, với quai xách và quai mang đều làm bằng da tổng hợp cao cấp, có độ đàn hồi nhât định, bền bỉ và không thấm nước. Ngoài ra mẫu balo này còn đựng vừa laptop tối đa 14 inch, rất thích hợp đi học, đi chơi, và đi làm.</p><p style=\"margin-right: 0px; margin-bottom: 10px; margin-left: 0px; padding: 0px; font-family: SVN_Gotham, sans-serif; line-height: 21px; color: rgb(37, 42, 43); font-size: 13px; background-color: rgb(255, 255, 255);\"><span style=\"margin: 0px; padding: 0px; font-weight: 700;\">THÔNG SỐ KỸ THUẬT:</span></p><hr style=\"margin: 0px 0px 10px; padding: 0px; font-family: SVN_Gotham, sans-serif; width: 570px; border-top-color: rgb(174, 176, 176); color: rgb(37, 42, 43); font-size: 13px; background-color: rgb(255, 255, 255);\"><p style=\"margin-right: 0px; margin-bottom: 10px; margin-left: 0px; padding: 0px; font-family: SVN_Gotham, sans-serif; line-height: 21px; color: rgb(37, 42, 43); font-size: 13px; background-color: rgb(255, 255, 255);\"><span style=\"margin: 0px; padding: 0px; font-weight: 700;\">- Kích thước:</span><span style=\"margin: 0px; padding: 0px;\">&nbsp;</span>Dài 28cm x Rộng 9cm x Cao 40cm</p><hr style=\"margin: 0px 0px 10px; padding: 0px; font-family: SVN_Gotham, sans-serif; width: 570px; border-top-color: rgb(174, 176, 176); color: rgb(37, 42, 43); font-size: 13px; background-color: rgb(255, 255, 255);\"><p style=\"margin-right: 0px; margin-bottom: 10px; margin-left: 0px; padding: 0px; font-family: SVN_Gotham, sans-serif; line-height: 21px; color: rgb(37, 42, 43); font-size: 13px; background-color: rgb(255, 255, 255);\"><span style=\"margin: 0px; padding: 0px; font-weight: 700;\">- Số ngăn:</span><span style=\"margin: 0px; padding: 0px;\">&nbsp;</span>7 ngăn ( 1 ngăn chính + 5 ngăn phụ + 1 ngăn laptop )</p><hr style=\"margin: 0px 0px 10px; padding: 0px; font-family: SVN_Gotham, sans-serif; width: 570px; border-top-color: rgb(174, 176, 176); color: rgb(37, 42, 43); font-size: 13px; background-color: rgb(255, 255, 255);\"><p style=\"margin-right: 0px; margin-bottom: 10px; margin-left: 0px; padding: 0px; font-family: SVN_Gotham, sans-serif; line-height: 21px; color: rgb(37, 42, 43); font-size: 13px; background-color: rgb(255, 255, 255);\"><span style=\"margin: 0px; padding: 0px; font-weight: 700;\">- Màu sắc:</span><span style=\"margin: 0px; padding: 0px;\">&nbsp;</span>Bò đậm, Bò nhạt, Nâu, Đen</p><hr style=\"margin: 0px 0px 10px; padding: 0px; font-family: SVN_Gotham, sans-serif; width: 570px; border-top-color: rgb(174, 176, 176); color: rgb(37, 42, 43); font-size: 13px; background-color: rgb(255, 255, 255);\"><p style=\"margin-right: 0px; margin-bottom: 10px; margin-left: 0px; padding: 0px; font-family: SVN_Gotham, sans-serif; line-height: 21px; color: rgb(37, 42, 43); font-size: 13px; background-color: rgb(255, 255, 255);\"><span style=\"margin: 0px; padding: 0px; font-weight: 700;\">- Trọng lượng:</span><span style=\"margin: 0px; padding: 0px;\">&nbsp;</span>1089g</p><hr style=\"margin: 0px 0px 10px; padding: 0px; font-family: SVN_Gotham, sans-serif; width: 570px; border-top-color: rgb(174, 176, 176); color: rgb(37, 42, 43); font-size: 13px; background-color: rgb(255, 255, 255);\"><p style=\"margin-right: 0px; margin-bottom: 10px; margin-left: 0px; padding: 0px; font-family: SVN_Gotham, sans-serif; line-height: 21px; color: rgb(37, 42, 43); font-size: 13px; background-color: rgb(255, 255, 255);\"><span style=\"margin: 0px; padding: 0px; font-weight: 700;\">- Xuất xứ:</span><span style=\"margin: 0px; padding: 0px;\">&nbsp;</span>Việt Nam</p><hr style=\"margin: 0px 0px 10px; padding: 0px; font-family: SVN_Gotham, sans-serif; width: 570px; border-top-color: rgb(174, 176, 176); color: rgb(37, 42, 43); font-size: 13px; background-color: rgb(255, 255, 255);\"><p style=\"margin-right: 0px; margin-bottom: 10px; margin-left: 0px; padding: 0px; font-family: SVN_Gotham, sans-serif; line-height: 21px; color: rgb(37, 42, 43); font-size: 13px; background-color: rgb(255, 255, 255);\"><span style=\"margin: 0px; padding: 0px; font-weight: 700;\">- Chất liệu:</span><span style=\"margin: 0px; padding: 0px;\">&nbsp;</span>Da tổng hợp cao cấp (*)</p><p style=\"margin-right: 0px; margin-bottom: 10px; margin-left: 0px; padding: 0px; font-family: SVN_Gotham, sans-serif; line-height: 21px; color: rgb(37, 42, 43); font-size: 13px; background-color: rgb(255, 255, 255);\">(*) Chất liệu da tổng hợp cao cấp, không bong tróc tự nhiên và không thấm nước. Lớp lót phía trong làm bằng vải nhung mềm mại. Balo thời trang BAL39 dễ bảo quản và có khả năng chống chịu tốt với môi trường khắc nghiệt.</p>','product/avatar/balo-2.JPG',18,'2021-03-12 15:54:03',NULL,NULL,NULL,1,'balo-da-lata-bal39d-1615539242963'),(63,'Balo Da Lata BAL39BN',711000.00,790000.00,'','<p style=\"margin-right: 0px; margin-bottom: 10px; margin-left: 0px; padding: 0px; font-family: SVN_Gotham, sans-serif; line-height: 21px; color: rgb(37, 42, 43); font-size: 13px; background-color: rgb(255, 255, 255);\"><a href=\"https://latashop.com/collections/vi-da-nu\" style=\"margin: 0px; padding: 0px; color: rgb(37, 42, 43); outline: none; transition: opacity 150ms linear 0s, color 150ms linear 0s, background 150ms linear 0s;\"><span style=\"margin: 0px; padding: 0px; font-weight: 700;\">Balo da Lata BAL39</span></a>&nbsp;được thiết kế đơn giản chỉ một tông màu cổ điển. Mặt trước có 1 ngăn tiện dụng và hai ngăn phụ hai bên, với quai xách và quai mang đều làm bằng da tổng hợp cao cấp, có độ đàn hồi nhât định, bền bỉ và không thấm nước. Ngoài ra mẫu balo này còn đựng vừa laptop tối đa 14 inch, rất thích hợp đi học, đi chơi, và đi làm.</p><p style=\"margin-right: 0px; margin-bottom: 10px; margin-left: 0px; padding: 0px; font-family: SVN_Gotham, sans-serif; line-height: 21px; color: rgb(37, 42, 43); font-size: 13px; background-color: rgb(255, 255, 255);\"><span style=\"margin: 0px; padding: 0px; font-weight: 700;\">THÔNG SỐ KỸ THUẬT:</span></p><hr style=\"margin: 0px 0px 10px; padding: 0px; font-family: SVN_Gotham, sans-serif; width: 570px; border-top-color: rgb(174, 176, 176); color: rgb(37, 42, 43); font-size: 13px; background-color: rgb(255, 255, 255);\"><p style=\"margin-right: 0px; margin-bottom: 10px; margin-left: 0px; padding: 0px; font-family: SVN_Gotham, sans-serif; line-height: 21px; color: rgb(37, 42, 43); font-size: 13px; background-color: rgb(255, 255, 255);\"><span style=\"margin: 0px; padding: 0px; font-weight: 700;\">- Kích thước:</span><span style=\"margin: 0px; padding: 0px;\">&nbsp;</span>Dài 28cm x Rộng 9cm x Cao 40cm</p><hr style=\"margin: 0px 0px 10px; padding: 0px; font-family: SVN_Gotham, sans-serif; width: 570px; border-top-color: rgb(174, 176, 176); color: rgb(37, 42, 43); font-size: 13px; background-color: rgb(255, 255, 255);\"><p style=\"margin-right: 0px; margin-bottom: 10px; margin-left: 0px; padding: 0px; font-family: SVN_Gotham, sans-serif; line-height: 21px; color: rgb(37, 42, 43); font-size: 13px; background-color: rgb(255, 255, 255);\"><span style=\"margin: 0px; padding: 0px; font-weight: 700;\">- Số ngăn:</span><span style=\"margin: 0px; padding: 0px;\">&nbsp;</span>7 ngăn ( 1 ngăn chính + 5 ngăn phụ + 1 ngăn laptop )</p><hr style=\"margin: 0px 0px 10px; padding: 0px; font-family: SVN_Gotham, sans-serif; width: 570px; border-top-color: rgb(174, 176, 176); color: rgb(37, 42, 43); font-size: 13px; background-color: rgb(255, 255, 255);\"><p style=\"margin-right: 0px; margin-bottom: 10px; margin-left: 0px; padding: 0px; font-family: SVN_Gotham, sans-serif; line-height: 21px; color: rgb(37, 42, 43); font-size: 13px; background-color: rgb(255, 255, 255);\"><span style=\"margin: 0px; padding: 0px; font-weight: 700;\">- Màu sắc:</span><span style=\"margin: 0px; padding: 0px;\">&nbsp;</span>Bò đậm, Bò nhạt, Nâu, Đen</p><hr style=\"margin: 0px 0px 10px; padding: 0px; font-family: SVN_Gotham, sans-serif; width: 570px; border-top-color: rgb(174, 176, 176); color: rgb(37, 42, 43); font-size: 13px; background-color: rgb(255, 255, 255);\"><p style=\"margin-right: 0px; margin-bottom: 10px; margin-left: 0px; padding: 0px; font-family: SVN_Gotham, sans-serif; line-height: 21px; color: rgb(37, 42, 43); font-size: 13px; background-color: rgb(255, 255, 255);\"><span style=\"margin: 0px; padding: 0px; font-weight: 700;\">- Trọng lượng:</span><span style=\"margin: 0px; padding: 0px;\">&nbsp;</span>1089g</p><hr style=\"margin: 0px 0px 10px; padding: 0px; font-family: SVN_Gotham, sans-serif; width: 570px; border-top-color: rgb(174, 176, 176); color: rgb(37, 42, 43); font-size: 13px; background-color: rgb(255, 255, 255);\"><p style=\"margin-right: 0px; margin-bottom: 10px; margin-left: 0px; padding: 0px; font-family: SVN_Gotham, sans-serif; line-height: 21px; color: rgb(37, 42, 43); font-size: 13px; background-color: rgb(255, 255, 255);\"><span style=\"margin: 0px; padding: 0px; font-weight: 700;\">- Xuất xứ:</span><span style=\"margin: 0px; padding: 0px;\">&nbsp;</span>Việt Nam</p><hr style=\"margin: 0px 0px 10px; padding: 0px; font-family: SVN_Gotham, sans-serif; width: 570px; border-top-color: rgb(174, 176, 176); color: rgb(37, 42, 43); font-size: 13px; background-color: rgb(255, 255, 255);\"><p style=\"margin-right: 0px; margin-bottom: 10px; margin-left: 0px; padding: 0px; font-family: SVN_Gotham, sans-serif; line-height: 21px; color: rgb(37, 42, 43); font-size: 13px; background-color: rgb(255, 255, 255);\"><span style=\"margin: 0px; padding: 0px; font-weight: 700;\">- Chất liệu:</span><span style=\"margin: 0px; padding: 0px;\">&nbsp;</span>Da tổng hợp cao cấp (*)</p><p style=\"margin-right: 0px; margin-bottom: 10px; margin-left: 0px; padding: 0px; font-family: SVN_Gotham, sans-serif; line-height: 21px; color: rgb(37, 42, 43); font-size: 13px; background-color: rgb(255, 255, 255);\">(*) Chất liệu da tổng hợp cao cấp, không bong tróc tự nhiên và không thấm nước. Lớp lót phía trong làm bằng vải nhung mềm mại. Balo thời trang BAL39 dễ bảo quản và có khả năng chống chịu tốt với môi trường khắc nghiệt.</p>','product/avatar/balo-3.JPG',18,'2021-03-12 15:54:09',NULL,NULL,NULL,1,'balo-da-lata-bal39bn-1615539249392'),(64,'Balo Da Lata BAL39BN',711000.00,790000.00,'','<p style=\"margin-right: 0px; margin-bottom: 10px; margin-left: 0px; padding: 0px; font-family: SVN_Gotham, sans-serif; line-height: 21px; color: rgb(37, 42, 43); font-size: 13px; background-color: rgb(255, 255, 255);\"><a href=\"https://latashop.com/collections/vi-da-nu\" style=\"margin: 0px; padding: 0px; color: rgb(37, 42, 43); outline: none; transition: opacity 150ms linear 0s, color 150ms linear 0s, background 150ms linear 0s;\"><span style=\"margin: 0px; padding: 0px; font-weight: 700;\">Balo da Lata BAL39</span></a>&nbsp;được thiết kế đơn giản chỉ một tông màu cổ điển. Mặt trước có 1 ngăn tiện dụng và hai ngăn phụ hai bên, với quai xách và quai mang đều làm bằng da tổng hợp cao cấp, có độ đàn hồi nhât định, bền bỉ và không thấm nước. Ngoài ra mẫu balo này còn đựng vừa laptop tối đa 14 inch, rất thích hợp đi học, đi chơi, và đi làm.</p><p style=\"margin-right: 0px; margin-bottom: 10px; margin-left: 0px; padding: 0px; font-family: SVN_Gotham, sans-serif; line-height: 21px; color: rgb(37, 42, 43); font-size: 13px; background-color: rgb(255, 255, 255);\"><span style=\"margin: 0px; padding: 0px; font-weight: 700;\">THÔNG SỐ KỸ THUẬT:</span></p><hr style=\"margin: 0px 0px 10px; padding: 0px; font-family: SVN_Gotham, sans-serif; width: 570px; border-top-color: rgb(174, 176, 176); color: rgb(37, 42, 43); font-size: 13px; background-color: rgb(255, 255, 255);\"><p style=\"margin-right: 0px; margin-bottom: 10px; margin-left: 0px; padding: 0px; font-family: SVN_Gotham, sans-serif; line-height: 21px; color: rgb(37, 42, 43); font-size: 13px; background-color: rgb(255, 255, 255);\"><span style=\"margin: 0px; padding: 0px; font-weight: 700;\">- Kích thước:</span><span style=\"margin: 0px; padding: 0px;\">&nbsp;</span>Dài 28cm x Rộng 9cm x Cao 40cm</p><hr style=\"margin: 0px 0px 10px; padding: 0px; font-family: SVN_Gotham, sans-serif; width: 570px; border-top-color: rgb(174, 176, 176); color: rgb(37, 42, 43); font-size: 13px; background-color: rgb(255, 255, 255);\"><p style=\"margin-right: 0px; margin-bottom: 10px; margin-left: 0px; padding: 0px; font-family: SVN_Gotham, sans-serif; line-height: 21px; color: rgb(37, 42, 43); font-size: 13px; background-color: rgb(255, 255, 255);\"><span style=\"margin: 0px; padding: 0px; font-weight: 700;\">- Số ngăn:</span><span style=\"margin: 0px; padding: 0px;\">&nbsp;</span>7 ngăn ( 1 ngăn chính + 5 ngăn phụ + 1 ngăn laptop )</p><hr style=\"margin: 0px 0px 10px; padding: 0px; font-family: SVN_Gotham, sans-serif; width: 570px; border-top-color: rgb(174, 176, 176); color: rgb(37, 42, 43); font-size: 13px; background-color: rgb(255, 255, 255);\"><p style=\"margin-right: 0px; margin-bottom: 10px; margin-left: 0px; padding: 0px; font-family: SVN_Gotham, sans-serif; line-height: 21px; color: rgb(37, 42, 43); font-size: 13px; background-color: rgb(255, 255, 255);\"><span style=\"margin: 0px; padding: 0px; font-weight: 700;\">- Màu sắc:</span><span style=\"margin: 0px; padding: 0px;\">&nbsp;</span>Bò đậm, Bò nhạt, Nâu, Đen</p><hr style=\"margin: 0px 0px 10px; padding: 0px; font-family: SVN_Gotham, sans-serif; width: 570px; border-top-color: rgb(174, 176, 176); color: rgb(37, 42, 43); font-size: 13px; background-color: rgb(255, 255, 255);\"><p style=\"margin-right: 0px; margin-bottom: 10px; margin-left: 0px; padding: 0px; font-family: SVN_Gotham, sans-serif; line-height: 21px; color: rgb(37, 42, 43); font-size: 13px; background-color: rgb(255, 255, 255);\"><span style=\"margin: 0px; padding: 0px; font-weight: 700;\">- Trọng lượng:</span><span style=\"margin: 0px; padding: 0px;\">&nbsp;</span>1089g</p><hr style=\"margin: 0px 0px 10px; padding: 0px; font-family: SVN_Gotham, sans-serif; width: 570px; border-top-color: rgb(174, 176, 176); color: rgb(37, 42, 43); font-size: 13px; background-color: rgb(255, 255, 255);\"><p style=\"margin-right: 0px; margin-bottom: 10px; margin-left: 0px; padding: 0px; font-family: SVN_Gotham, sans-serif; line-height: 21px; color: rgb(37, 42, 43); font-size: 13px; background-color: rgb(255, 255, 255);\"><span style=\"margin: 0px; padding: 0px; font-weight: 700;\">- Xuất xứ:</span><span style=\"margin: 0px; padding: 0px;\">&nbsp;</span>Việt Nam</p><hr style=\"margin: 0px 0px 10px; padding: 0px; font-family: SVN_Gotham, sans-serif; width: 570px; border-top-color: rgb(174, 176, 176); color: rgb(37, 42, 43); font-size: 13px; background-color: rgb(255, 255, 255);\"><p style=\"margin-right: 0px; margin-bottom: 10px; margin-left: 0px; padding: 0px; font-family: SVN_Gotham, sans-serif; line-height: 21px; color: rgb(37, 42, 43); font-size: 13px; background-color: rgb(255, 255, 255);\"><span style=\"margin: 0px; padding: 0px; font-weight: 700;\">- Chất liệu:</span><span style=\"margin: 0px; padding: 0px;\">&nbsp;</span>Da tổng hợp cao cấp (*)</p><p style=\"margin-right: 0px; margin-bottom: 10px; margin-left: 0px; padding: 0px; font-family: SVN_Gotham, sans-serif; line-height: 21px; color: rgb(37, 42, 43); font-size: 13px; background-color: rgb(255, 255, 255);\">(*) Chất liệu da tổng hợp cao cấp, không bong tróc tự nhiên và không thấm nước. Lớp lót phía trong làm bằng vải nhung mềm mại. Balo thời trang BAL39 dễ bảo quản và có khả năng chống chịu tốt với môi trường khắc nghiệt.</p>','product/avatar/balo-3.JPG',18,'2021-03-12 15:54:23',NULL,NULL,NULL,1,'balo-da-lata-bal39bn-1615539263275'),(65,'Ví Da Nam Lata LVN79D',530000.00,NULL,'','<p style=\"margin-right: 0px; margin-bottom: 10px; margin-left: 0px; padding: 0px; font-family: SVN_Gotham, sans-serif; line-height: 21px; color: rgb(37, 42, 43); font-size: 13px; background-color: rgb(255, 255, 255);\"><a href=\"https://latashop.com/collections/vi-da-nam\" style=\"margin: 0px; padding: 0px; color: rgb(37, 42, 43); outline: none; transition: opacity 150ms linear 0s, color 150ms linear 0s, background 150ms linear 0s;\"><span style=\"margin: 0px; padding: 0px; font-weight: 700;\">Ví da nam Lata LVN79</span></a>&nbsp;là một chiếc ví dạng đứng, đáp ứng đầy đủ yêu cầu về chất lượng, thời trang lại có giá thành vô cùng hợp lý. Ví đi kèm hộp đựng sang trọng và thẻ bảo hành 1 năm sử dụng. Chiếc ví sẽ là món quà tuyệt vời dành tặng cho những người đàn ông thành đạt, ở nó toát lên nét sang trọng, lịch lãm và vô cùng đẳng cấp.<br style=\"margin: 0px; padding: 0px;\"></p><p style=\"margin-right: 0px; margin-bottom: 10px; margin-left: 0px; padding: 0px; font-family: SVN_Gotham, sans-serif; line-height: 21px; color: rgb(37, 42, 43); font-size: 13px; background-color: rgb(255, 255, 255);\"><span style=\"margin: 0px; padding: 0px; font-weight: 700;\">THÔNG SỐ KỸ THUẬT:</span></p><p style=\"margin-right: 0px; margin-bottom: 10px; margin-left: 0px; padding: 0px; font-family: SVN_Gotham, sans-serif; line-height: 21px; color: rgb(37, 42, 43); font-size: 13px; background-color: rgb(255, 255, 255);\"><span style=\"margin: 0px; padding: 0px; font-weight: 700;\">- Chất liệu:</span>&nbsp;da bò thật (mềm mại , không bong tróc, độ bền cao )</p><hr style=\"margin: 0px 0px 10px; padding: 0px; font-family: SVN_Gotham, sans-serif; width: 570px; border-top-color: rgb(174, 176, 176); color: rgb(37, 42, 43); font-size: 13px; background-color: rgb(255, 255, 255);\"><p style=\"margin-right: 0px; margin-bottom: 10px; margin-left: 0px; padding: 0px; font-family: SVN_Gotham, sans-serif; line-height: 21px; color: rgb(37, 42, 43); font-size: 13px; background-color: rgb(255, 255, 255);\"><span style=\"margin: 0px; padding: 0px; font-weight: 700;\">- Kích thước:</span>&nbsp;&nbsp;- Gấp lại: Dài 8cm x Cao 10.5cm</p><p style=\"margin-right: 0px; margin-bottom: 10px; margin-left: 0px; padding: 0px; font-family: SVN_Gotham, sans-serif; line-height: 21px; color: rgb(37, 42, 43); font-size: 13px; background-color: rgb(255, 255, 255);\">&nbsp; &nbsp; &nbsp; &nbsp; &nbsp; &nbsp; &nbsp; &nbsp; &nbsp; &nbsp; &nbsp; &nbsp;- Mở ra: Dài 19.5cm x Rộng 2cm x Cao 12cm</p><p style=\"margin-right: 0px; margin-bottom: 10px; margin-left: 0px; padding: 0px; font-family: SVN_Gotham, sans-serif; line-height: 21px; color: rgb(37, 42, 43); font-size: 13px; background-color: rgb(255, 255, 255);\"><span style=\"margin: 0px; padding: 0px; font-weight: 700;\">- Trọng lượng:</span>&nbsp;92g</p><hr style=\"margin: 0px 0px 10px; padding: 0px; font-family: SVN_Gotham, sans-serif; width: 570px; border-top-color: rgb(174, 176, 176); color: rgb(37, 42, 43); font-size: 13px; background-color: rgb(255, 255, 255);\"><p style=\"margin-right: 0px; margin-bottom: 10px; margin-left: 0px; padding: 0px; font-family: SVN_Gotham, sans-serif; line-height: 21px; color: rgb(37, 42, 43); font-size: 13px; background-color: rgb(255, 255, 255);\"><span style=\"margin: 0px; padding: 0px; font-weight: 700;\">- Số ngăn:</span>&nbsp;12 ngăn ( 2 ngăn chính + 10 ngăn phụ )</p><hr style=\"margin: 0px 0px 10px; padding: 0px; font-family: SVN_Gotham, sans-serif; width: 570px; border-top-color: rgb(174, 176, 176); color: rgb(37, 42, 43); font-size: 13px; background-color: rgb(255, 255, 255);\"><p style=\"margin-right: 0px; margin-bottom: 10px; margin-left: 0px; padding: 0px; font-family: SVN_Gotham, sans-serif; line-height: 21px; color: rgb(37, 42, 43); font-size: 13px; background-color: rgb(255, 255, 255);\"><span style=\"margin: 0px; padding: 0px; font-weight: 700;\">- Màu sắc:&nbsp;</span>Màu Nâu – Màu Đen</p><hr style=\"margin: 0px 0px 10px; padding: 0px; font-family: SVN_Gotham, sans-serif; width: 570px; border-top-color: rgb(174, 176, 176); color: rgb(37, 42, 43); font-size: 13px; background-color: rgb(255, 255, 255);\"><p style=\"margin-right: 0px; margin-bottom: 10px; margin-left: 0px; padding: 0px; font-family: SVN_Gotham, sans-serif; line-height: 21px; color: rgb(37, 42, 43); font-size: 13px; background-color: rgb(255, 255, 255);\"><span style=\"margin: 0px; padding: 0px; font-weight: 700;\">- Công dụng:</span>&nbsp;ví phù hợp sử dụng đựng tiền, đựng thẻ khi đi chơi, đi làm, đi họp...</p><hr style=\"margin: 0px 0px 10px; padding: 0px; font-family: SVN_Gotham, sans-serif; width: 570px; border-top-color: rgb(174, 176, 176); color: rgb(37, 42, 43); font-size: 13px; background-color: rgb(255, 255, 255);\"><p style=\"margin-right: 0px; margin-bottom: 10px; margin-left: 0px; padding: 0px; font-family: SVN_Gotham, sans-serif; line-height: 21px; color: rgb(37, 42, 43); font-size: 13px; background-color: rgb(255, 255, 255);\"><span style=\"margin: 0px; padding: 0px; font-weight: 700;\">- Đựng vừa tối đa:</span>&nbsp;Ví đựng vừa 8 thẻ namecard, tiền và giấy tờ tùy thân</p><hr style=\"margin: 0px 0px 10px; padding: 0px; font-family: SVN_Gotham, sans-serif; width: 570px; border-top-color: rgb(174, 176, 176); color: rgb(37, 42, 43); font-size: 13px; background-color: rgb(255, 255, 255);\"><p style=\"margin-right: 0px; margin-bottom: 10px; margin-left: 0px; padding: 0px; font-family: SVN_Gotham, sans-serif; line-height: 21px; color: rgb(37, 42, 43); font-size: 13px; background-color: rgb(255, 255, 255);\"><span style=\"margin: 0px; padding: 0px; font-weight: 700;\">- Bảo Hành:</span>&nbsp;1 Năm</p><hr style=\"margin: 0px 0px 10px; padding: 0px; font-family: SVN_Gotham, sans-serif; width: 570px; border-top-color: rgb(174, 176, 176); color: rgb(37, 42, 43); font-size: 13px; background-color: rgb(255, 255, 255);\"><p style=\"margin-right: 0px; margin-bottom: 10px; margin-left: 0px; padding: 0px; font-family: SVN_Gotham, sans-serif; line-height: 21px; color: rgb(37, 42, 43); font-size: 13px; background-color: rgb(255, 255, 255);\"><span style=\"margin: 0px; padding: 0px; font-weight: 700;\">- Thương hiệu:</span>&nbsp;LATA</p><hr style=\"margin: 0px 0px 10px; padding: 0px; font-family: SVN_Gotham, sans-serif; width: 570px; border-top-color: rgb(174, 176, 176); color: rgb(37, 42, 43); font-size: 13px; background-color: rgb(255, 255, 255);\"><p style=\"margin-right: 0px; margin-bottom: 10px; margin-left: 0px; padding: 0px; font-family: SVN_Gotham, sans-serif; line-height: 21px; color: rgb(37, 42, 43); font-size: 13px; background-color: rgb(255, 255, 255);\"><span style=\"margin: 0px; padding: 0px; font-weight: 700;\">- Xuất xứ:</span>&nbsp;Made in Viet Nam</p><hr style=\"margin: 0px 0px 10px; padding: 0px; font-family: SVN_Gotham, sans-serif; width: 570px; border-top-color: rgb(174, 176, 176); color: rgb(37, 42, 43); font-size: 13px; background-color: rgb(255, 255, 255);\"><p style=\"margin-right: 0px; margin-bottom: 10px; margin-left: 0px; padding: 0px; font-family: SVN_Gotham, sans-serif; line-height: 21px; color: rgb(37, 42, 43); font-size: 13px; background-color: rgb(255, 255, 255);\"><span style=\"margin: 0px; padding: 0px; font-weight: 700;\">ĐẶC ĐIỂM NỐI BẬT:</span></p><p style=\"margin-right: 0px; margin-bottom: 10px; margin-left: 0px; padding: 0px; font-family: SVN_Gotham, sans-serif; line-height: 21px; color: rgb(37, 42, 43); font-size: 13px; background-color: rgb(255, 255, 255);\">- Da bò thật 100%</p><p style=\"margin-right: 0px; margin-bottom: 10px; margin-left: 0px; padding: 0px; font-family: SVN_Gotham, sans-serif; line-height: 21px; color: rgb(37, 42, 43); font-size: 13px; background-color: rgb(255, 255, 255);\">- Phụ kiện cao cấp</p><p style=\"margin-right: 0px; margin-bottom: 10px; margin-left: 0px; padding: 0px; font-family: SVN_Gotham, sans-serif; line-height: 21px; color: rgb(37, 42, 43); font-size: 13px; background-color: rgb(255, 255, 255);\">- Bền màu</p><p style=\"margin-right: 0px; margin-bottom: 10px; margin-left: 0px; padding: 0px; font-family: SVN_Gotham, sans-serif; line-height: 21px; color: rgb(37, 42, 43); font-size: 13px; background-color: rgb(255, 255, 255);\">- Ví không bong tróc tự nhiên</p><p style=\"margin-right: 0px; margin-bottom: 10px; margin-left: 0px; padding: 0px; font-family: SVN_Gotham, sans-serif; line-height: 21px; color: rgb(37, 42, 43); font-size: 13px; background-color: rgb(255, 255, 255);\">- Ngăn ví rộng rãi</p><p style=\"margin-right: 0px; margin-bottom: 10px; margin-left: 0px; padding: 0px; font-family: SVN_Gotham, sans-serif; line-height: 21px; color: rgb(37, 42, 43); font-size: 13px; background-color: rgb(255, 255, 255);\">- Ví đứng sang trọng</p>','product/avatar/vi-da-1.JPG',20,'2021-03-12 15:54:33',NULL,NULL,NULL,1,'vi-da-nam-lata-lvn79d-1615539273472'),(66,'Ví Da Nam Lata LVN79N',530000.00,NULL,'','<p style=\"margin-right: 0px; margin-bottom: 10px; margin-left: 0px; padding: 0px; font-family: SVN_Gotham, sans-serif; line-height: 21px; color: rgb(37, 42, 43); font-size: 13px; background-color: rgb(255, 255, 255);\"><a href=\"https://latashop.com/collections/vi-da-nam\" style=\"margin: 0px; padding: 0px; color: rgb(37, 42, 43); outline: none; transition: opacity 150ms linear 0s, color 150ms linear 0s, background 150ms linear 0s;\"><span style=\"margin: 0px; padding: 0px; font-weight: 700;\">Ví da nam Lata LVN79</span></a>&nbsp;là một chiếc ví dạng đứng, đáp ứng đầy đủ yêu cầu về chất lượng, thời trang lại có giá thành vô cùng hợp lý. Ví đi kèm hộp đựng sang trọng và thẻ bảo hành 1 năm sử dụng. Chiếc ví sẽ là món quà tuyệt vời dành tặng cho những người đàn ông thành đạt, ở nó toát lên nét sang trọng, lịch lãm và vô cùng đẳng cấp.</p><p style=\"margin-right: 0px; margin-bottom: 10px; margin-left: 0px; padding: 0px; font-family: SVN_Gotham, sans-serif; line-height: 21px; color: rgb(37, 42, 43); font-size: 13px; background-color: rgb(255, 255, 255);\"><span style=\"margin: 0px; padding: 0px; font-weight: 700;\">THÔNG SỐ KỸ THUẬT:</span></p><p style=\"margin-right: 0px; margin-bottom: 10px; margin-left: 0px; padding: 0px; font-family: SVN_Gotham, sans-serif; line-height: 21px; color: rgb(37, 42, 43); font-size: 13px; background-color: rgb(255, 255, 255);\"><span style=\"margin: 0px; padding: 0px; font-weight: 700;\">- Chất liệu:</span>&nbsp;da bò thật (mềm mại , không bong tróc, độ bền cao )</p><hr style=\"margin: 0px 0px 10px; padding: 0px; font-family: SVN_Gotham, sans-serif; width: 570px; border-top-color: rgb(174, 176, 176); color: rgb(37, 42, 43); font-size: 13px; background-color: rgb(255, 255, 255);\"><p style=\"margin-right: 0px; margin-bottom: 10px; margin-left: 0px; padding: 0px; font-family: SVN_Gotham, sans-serif; line-height: 21px; color: rgb(37, 42, 43); font-size: 13px; background-color: rgb(255, 255, 255);\"><span style=\"margin: 0px; padding: 0px; font-weight: 700;\">- Kích thước:</span>&nbsp;&nbsp;- Gấp lại: Dài 8cm x Cao 10.5cm</p><p style=\"margin-right: 0px; margin-bottom: 10px; margin-left: 0px; padding: 0px; font-family: SVN_Gotham, sans-serif; line-height: 21px; color: rgb(37, 42, 43); font-size: 13px; background-color: rgb(255, 255, 255);\">&nbsp; &nbsp; &nbsp; &nbsp; &nbsp; &nbsp; &nbsp; &nbsp; &nbsp; &nbsp; &nbsp; &nbsp;- Mở ra: Dài 19.5cm x Rộng 2cm x Cao 12cm</p><p style=\"margin-right: 0px; margin-bottom: 10px; margin-left: 0px; padding: 0px; font-family: SVN_Gotham, sans-serif; line-height: 21px; color: rgb(37, 42, 43); font-size: 13px; background-color: rgb(255, 255, 255);\"><span style=\"margin: 0px; padding: 0px; font-weight: 700;\">- Trọng lượng:</span>&nbsp;92g</p><hr style=\"margin: 0px 0px 10px; padding: 0px; font-family: SVN_Gotham, sans-serif; width: 570px; border-top-color: rgb(174, 176, 176); color: rgb(37, 42, 43); font-size: 13px; background-color: rgb(255, 255, 255);\"><p style=\"margin-right: 0px; margin-bottom: 10px; margin-left: 0px; padding: 0px; font-family: SVN_Gotham, sans-serif; line-height: 21px; color: rgb(37, 42, 43); font-size: 13px; background-color: rgb(255, 255, 255);\"><span style=\"margin: 0px; padding: 0px; font-weight: 700;\">- Số ngăn:</span>&nbsp;12 ngăn ( 2 ngăn chính + 10 ngăn phụ )</p><hr style=\"margin: 0px 0px 10px; padding: 0px; font-family: SVN_Gotham, sans-serif; width: 570px; border-top-color: rgb(174, 176, 176); color: rgb(37, 42, 43); font-size: 13px; background-color: rgb(255, 255, 255);\"><p style=\"margin-right: 0px; margin-bottom: 10px; margin-left: 0px; padding: 0px; font-family: SVN_Gotham, sans-serif; line-height: 21px; color: rgb(37, 42, 43); font-size: 13px; background-color: rgb(255, 255, 255);\"><span style=\"margin: 0px; padding: 0px; font-weight: 700;\">- Màu sắc:&nbsp;</span>Màu Nâu – Màu Đen</p><hr style=\"margin: 0px 0px 10px; padding: 0px; font-family: SVN_Gotham, sans-serif; width: 570px; border-top-color: rgb(174, 176, 176); color: rgb(37, 42, 43); font-size: 13px; background-color: rgb(255, 255, 255);\"><p style=\"margin-right: 0px; margin-bottom: 10px; margin-left: 0px; padding: 0px; font-family: SVN_Gotham, sans-serif; line-height: 21px; color: rgb(37, 42, 43); font-size: 13px; background-color: rgb(255, 255, 255);\"><span style=\"margin: 0px; padding: 0px; font-weight: 700;\">- Công dụng:</span>&nbsp;ví phù hợp sử dụng đựng tiền, đựng thẻ khi đi chơi, đi làm, đi họp...</p><hr style=\"margin: 0px 0px 10px; padding: 0px; font-family: SVN_Gotham, sans-serif; width: 570px; border-top-color: rgb(174, 176, 176); color: rgb(37, 42, 43); font-size: 13px; background-color: rgb(255, 255, 255);\"><p style=\"margin-right: 0px; margin-bottom: 10px; margin-left: 0px; padding: 0px; font-family: SVN_Gotham, sans-serif; line-height: 21px; color: rgb(37, 42, 43); font-size: 13px; background-color: rgb(255, 255, 255);\"><span style=\"margin: 0px; padding: 0px; font-weight: 700;\">- Đựng vừa tối đa:</span>&nbsp;Ví đựng vừa 8 thẻ namecard, tiền và giấy tờ tùy thân</p><hr style=\"margin: 0px 0px 10px; padding: 0px; font-family: SVN_Gotham, sans-serif; width: 570px; border-top-color: rgb(174, 176, 176); color: rgb(37, 42, 43); font-size: 13px; background-color: rgb(255, 255, 255);\"><p style=\"margin-right: 0px; margin-bottom: 10px; margin-left: 0px; padding: 0px; font-family: SVN_Gotham, sans-serif; line-height: 21px; color: rgb(37, 42, 43); font-size: 13px; background-color: rgb(255, 255, 255);\"><span style=\"margin: 0px; padding: 0px; font-weight: 700;\">- Bảo Hành:</span>&nbsp;1 Năm</p><hr style=\"margin: 0px 0px 10px; padding: 0px; font-family: SVN_Gotham, sans-serif; width: 570px; border-top-color: rgb(174, 176, 176); color: rgb(37, 42, 43); font-size: 13px; background-color: rgb(255, 255, 255);\"><p style=\"margin-right: 0px; margin-bottom: 10px; margin-left: 0px; padding: 0px; font-family: SVN_Gotham, sans-serif; line-height: 21px; color: rgb(37, 42, 43); font-size: 13px; background-color: rgb(255, 255, 255);\"><span style=\"margin: 0px; padding: 0px; font-weight: 700;\">- Thương hiệu:</span>&nbsp;LATA</p><hr style=\"margin: 0px 0px 10px; padding: 0px; font-family: SVN_Gotham, sans-serif; width: 570px; border-top-color: rgb(174, 176, 176); color: rgb(37, 42, 43); font-size: 13px; background-color: rgb(255, 255, 255);\"><p style=\"margin-right: 0px; margin-bottom: 10px; margin-left: 0px; padding: 0px; font-family: SVN_Gotham, sans-serif; line-height: 21px; color: rgb(37, 42, 43); font-size: 13px; background-color: rgb(255, 255, 255);\"><span style=\"margin: 0px; padding: 0px; font-weight: 700;\">- Xuất xứ:</span>&nbsp;Made in Viet Nam</p><hr style=\"margin: 0px 0px 10px; padding: 0px; font-family: SVN_Gotham, sans-serif; width: 570px; border-top-color: rgb(174, 176, 176); color: rgb(37, 42, 43); font-size: 13px; background-color: rgb(255, 255, 255);\"><p style=\"margin-right: 0px; margin-bottom: 10px; margin-left: 0px; padding: 0px; font-family: SVN_Gotham, sans-serif; line-height: 21px; color: rgb(37, 42, 43); font-size: 13px; background-color: rgb(255, 255, 255);\"><span style=\"margin: 0px; padding: 0px; font-weight: 700;\">ĐẶC ĐIỂM NỐI BẬT:</span></p><p style=\"margin-right: 0px; margin-bottom: 10px; margin-left: 0px; padding: 0px; font-family: SVN_Gotham, sans-serif; line-height: 21px; color: rgb(37, 42, 43); font-size: 13px; background-color: rgb(255, 255, 255);\">- Da bò thật 100%</p><p style=\"margin-right: 0px; margin-bottom: 10px; margin-left: 0px; padding: 0px; font-family: SVN_Gotham, sans-serif; line-height: 21px; color: rgb(37, 42, 43); font-size: 13px; background-color: rgb(255, 255, 255);\">- Phụ kiện cao cấp</p><p style=\"margin-right: 0px; margin-bottom: 10px; margin-left: 0px; padding: 0px; font-family: SVN_Gotham, sans-serif; line-height: 21px; color: rgb(37, 42, 43); font-size: 13px; background-color: rgb(255, 255, 255);\">- Bền màu</p><p style=\"margin-right: 0px; margin-bottom: 10px; margin-left: 0px; padding: 0px; font-family: SVN_Gotham, sans-serif; line-height: 21px; color: rgb(37, 42, 43); font-size: 13px; background-color: rgb(255, 255, 255);\">- Ví không bong tróc tự nhiên</p><p style=\"margin-right: 0px; margin-bottom: 10px; margin-left: 0px; padding: 0px; font-family: SVN_Gotham, sans-serif; line-height: 21px; color: rgb(37, 42, 43); font-size: 13px; background-color: rgb(255, 255, 255);\">- Ngăn ví rộng rãi</p><p style=\"margin-right: 0px; margin-bottom: 10px; margin-left: 0px; padding: 0px; font-family: SVN_Gotham, sans-serif; line-height: 21px; color: rgb(37, 42, 43); font-size: 13px; background-color: rgb(255, 255, 255);\">- Ví đứng sang trọng</p>','product/avatar/vi-da-2.JPG',20,'2021-03-12 15:54:43',NULL,NULL,NULL,1,'vi-da-nam-lata-lvn79n-1615539282746'),(67,'Cặp Da Công Sở Lata CA32N',720000.00,NULL,'','<p style=\"margin-right: 0px; margin-bottom: 10px; margin-left: 0px; padding: 0px; font-family: SVN_Gotham, sans-serif; line-height: 21px; color: rgb(37, 42, 43); font-size: 13px; background-color: rgb(255, 255, 255);\"><a href=\"https://latashop.com/collections/cap-da-cong-so\" style=\"margin: 0px; padding: 0px; color: rgb(37, 42, 43); outline: none; transition: opacity 150ms linear 0s, color 150ms linear 0s, background 150ms linear 0s;\"><span style=\"margin: 0px; padding: 0px; font-weight: 700;\">Cặp da công sở Lata CA32N</span></a>&nbsp;màu nâu lịch lãm, sang trọng. Cùng với thiết kế đơn giản. Phôm, dáng chắc chắn, có thể đựng vừa laptop tối đa 14inch, cùng nhiều hồ sơ, tài liệu. Phía trước còn có ngăn đựng rộng rãi giúp các bạn có thể chia ngăn đựng đồ một cách hợp lý và quay xách có thể tháo rời, sẽ rất an toàn và tiện dụng cho người dùng.</p><p style=\"margin-right: 0px; margin-bottom: 10px; margin-left: 0px; padding: 0px; font-family: SVN_Gotham, sans-serif; line-height: 21px; color: rgb(37, 42, 43); font-size: 13px; background-color: rgb(255, 255, 255);\"><span style=\"margin: 0px; padding: 0px; font-weight: 700;\">THÔNG SỐ KỸ THUẬT:</span></p><p style=\"margin-right: 0px; margin-bottom: 10px; margin-left: 0px; padding: 0px; font-family: SVN_Gotham, sans-serif; line-height: 21px; color: rgb(37, 42, 43); font-size: 13px; background-color: rgb(255, 255, 255);\"><span style=\"margin: 0px; padding: 0px; font-weight: 700;\">Kích thước</span>: Dài 37cm x Rộng 6.5cm x Cao 27cm</p><hr style=\"margin: 0px 0px 10px; padding: 0px; font-family: SVN_Gotham, sans-serif; width: 570px; border-top-color: rgb(174, 176, 176); color: rgb(37, 42, 43); font-size: 13px; background-color: rgb(255, 255, 255);\"><p style=\"margin-right: 0px; margin-bottom: 10px; margin-left: 0px; padding: 0px; font-family: SVN_Gotham, sans-serif; line-height: 21px; color: rgb(37, 42, 43); font-size: 13px; background-color: rgb(255, 255, 255);\"><span style=\"margin: 0px; padding: 0px; font-weight: 700;\">Số ngăn</span>: 9 ( 1 ngăn chính + 1 ngăn laptop + 7 ngăn phụ )</p><hr style=\"margin: 0px 0px 10px; padding: 0px; font-family: SVN_Gotham, sans-serif; width: 570px; border-top-color: rgb(174, 176, 176); color: rgb(37, 42, 43); font-size: 13px; background-color: rgb(255, 255, 255);\"><p style=\"margin-right: 0px; margin-bottom: 10px; margin-left: 0px; padding: 0px; font-family: SVN_Gotham, sans-serif; line-height: 21px; color: rgb(37, 42, 43); font-size: 13px; background-color: rgb(255, 255, 255);\"><span style=\"margin: 0px; padding: 0px; font-weight: 700;\">Công dụng</span>: Đựng vừa laptop 14inch, giấy A4 và bìa hồ sơ....</p><hr style=\"margin: 0px 0px 10px; padding: 0px; font-family: SVN_Gotham, sans-serif; width: 570px; border-top-color: rgb(174, 176, 176); color: rgb(37, 42, 43); font-size: 13px; background-color: rgb(255, 255, 255);\"><p style=\"margin-right: 0px; margin-bottom: 10px; margin-left: 0px; padding: 0px; font-family: SVN_Gotham, sans-serif; line-height: 21px; color: rgb(37, 42, 43); font-size: 13px; background-color: rgb(255, 255, 255);\"><span style=\"margin: 0px; padding: 0px; font-weight: 700;\">Chất liệu:</span>&nbsp;Da tổng hợp cao cấp (*)</p><hr style=\"margin: 0px 0px 10px; padding: 0px; font-family: SVN_Gotham, sans-serif; width: 570px; border-top-color: rgb(174, 176, 176); color: rgb(37, 42, 43); font-size: 13px; background-color: rgb(255, 255, 255);\"><p style=\"margin-right: 0px; margin-bottom: 10px; margin-left: 0px; padding: 0px; font-family: SVN_Gotham, sans-serif; line-height: 21px; color: rgb(37, 42, 43); font-size: 13px; background-color: rgb(255, 255, 255);\"><span style=\"margin: 0px; padding: 0px; font-weight: 700;\">Trọng lượng</span>&nbsp;: 1417g</p><hr style=\"margin: 0px 0px 10px; padding: 0px; font-family: SVN_Gotham, sans-serif; width: 570px; border-top-color: rgb(174, 176, 176); color: rgb(37, 42, 43); font-size: 13px; background-color: rgb(255, 255, 255);\"><p style=\"margin-right: 0px; margin-bottom: 10px; margin-left: 0px; padding: 0px; font-family: SVN_Gotham, sans-serif; line-height: 21px; color: rgb(37, 42, 43); font-size: 13px; background-color: rgb(255, 255, 255);\"><span style=\"margin: 0px; padding: 0px; font-weight: 700;\">Xuất xứ:</span><span style=\"margin: 0px; padding: 0px;\">&nbsp;</span>Việt Nam</p><p style=\"margin-right: 0px; margin-bottom: 10px; margin-left: 0px; padding: 0px; font-family: SVN_Gotham, sans-serif; line-height: 21px; color: rgb(37, 42, 43); font-size: 13px; background-color: rgb(255, 255, 255);\"><span style=\"margin: 0px; padding: 0px;\">(*) Sản phẩm sử dụng chất liệu da tổng hợp cao cấp giúp chống thấm nước tốt, dễ lau chùi. Sử dụng lâu dài không bị bong tróc hay nổ da, đảm bảo chất lượng sản phẩm luôn bền bỉ. Lớp lót nhung bên trong giúp bảo quản đồ đạc tốt hơn.</span></p>','product/avatar/cap-da-1.JPG',19,'2021-03-12 15:54:52',NULL,NULL,NULL,1,'cap-da-cong-so-lata-ca32n-1615539292452'),(69,'Cặp Da Công Sở Lata CA32D',719978.00,NULL,'','<p style=\"margin-right: 0px; margin-bottom: 10px; margin-left: 0px; padding: 0px; font-family: SVN_Gotham, sans-serif; line-height: 21px; color: rgb(37, 42, 43); font-size: 13px; background-color: rgb(255, 255, 255);\"><a href=\"https://latashop.com/collections/cap-da-cong-so\" style=\"margin: 0px; padding: 0px; color: rgb(37, 42, 43); outline: none; transition: opacity 150ms linear 0s, color 150ms linear 0s, background 150ms linear 0s;\"><span style=\"margin: 0px; padding: 0px; font-weight: 700;\">Cặp da công sở Lata CA32D</span></a>&nbsp;màu đen sang trọng dể phối đồ. Cùng với thiết kế đơn giản. Phôm, dáng chắc chắn, có thể đựng vừa laptop tối đa 14inch, cùng nhiều hồ sơ, tài liệu. Phía trước còn có ngăn đựng rộng rãi giúp các bạn có thể chia ngăn đựng đồ một cách hợp lý và quay xách có thể tháo rời, sẽ rất an toàn và tiện dụng cho người dùng.</p><p style=\"margin-right: 0px; margin-bottom: 10px; margin-left: 0px; padding: 0px; font-family: SVN_Gotham, sans-serif; line-height: 21px; color: rgb(37, 42, 43); font-size: 13px; background-color: rgb(255, 255, 255);\"><span style=\"margin: 0px; padding: 0px; font-weight: 700;\">THÔNG SỐ KỸ THUẬT:</span></p><p style=\"margin-right: 0px; margin-bottom: 10px; margin-left: 0px; padding: 0px; font-family: SVN_Gotham, sans-serif; line-height: 21px; color: rgb(37, 42, 43); font-size: 13px; background-color: rgb(255, 255, 255);\"><span style=\"margin: 0px; padding: 0px; font-weight: 700;\">Kích thước</span>: Dài 37cm x Rộng 6.5cm x Cao 27cm</p><hr style=\"margin: 0px 0px 10px; padding: 0px; font-family: SVN_Gotham, sans-serif; width: 570px; border-top-color: rgb(174, 176, 176); color: rgb(37, 42, 43); font-size: 13px; background-color: rgb(255, 255, 255);\"><p style=\"margin-right: 0px; margin-bottom: 10px; margin-left: 0px; padding: 0px; font-family: SVN_Gotham, sans-serif; line-height: 21px; color: rgb(37, 42, 43); font-size: 13px; background-color: rgb(255, 255, 255);\"><span style=\"margin: 0px; padding: 0px; font-weight: 700;\">Số ngăn</span>: 9 ( 1 ngăn chính + 1 ngăn laptop + 7 ngăn phụ )</p><hr style=\"margin: 0px 0px 10px; padding: 0px; font-family: SVN_Gotham, sans-serif; width: 570px; border-top-color: rgb(174, 176, 176); color: rgb(37, 42, 43); font-size: 13px; background-color: rgb(255, 255, 255);\"><p style=\"margin-right: 0px; margin-bottom: 10px; margin-left: 0px; padding: 0px; font-family: SVN_Gotham, sans-serif; line-height: 21px; color: rgb(37, 42, 43); font-size: 13px; background-color: rgb(255, 255, 255);\"><span style=\"margin: 0px; padding: 0px; font-weight: 700;\">Công dụng</span>: Đựng vừa laptop 14inch, giấy A4 và bìa hồ sơ....</p><hr style=\"margin: 0px 0px 10px; padding: 0px; font-family: SVN_Gotham, sans-serif; width: 570px; border-top-color: rgb(174, 176, 176); color: rgb(37, 42, 43); font-size: 13px; background-color: rgb(255, 255, 255);\"><p style=\"margin-right: 0px; margin-bottom: 10px; margin-left: 0px; padding: 0px; font-family: SVN_Gotham, sans-serif; line-height: 21px; color: rgb(37, 42, 43); font-size: 13px; background-color: rgb(255, 255, 255);\"><span style=\"margin: 0px; padding: 0px; font-weight: 700;\">Chất liệu:</span>&nbsp;Da tổng hợp cao cấp (*)</p><hr style=\"margin: 0px 0px 10px; padding: 0px; font-family: SVN_Gotham, sans-serif; width: 570px; border-top-color: rgb(174, 176, 176); color: rgb(37, 42, 43); font-size: 13px; background-color: rgb(255, 255, 255);\"><p style=\"margin-right: 0px; margin-bottom: 10px; margin-left: 0px; padding: 0px; font-family: SVN_Gotham, sans-serif; line-height: 21px; color: rgb(37, 42, 43); font-size: 13px; background-color: rgb(255, 255, 255);\"><span style=\"margin: 0px; padding: 0px; font-weight: 700;\">Trọng lượng</span>&nbsp;: 1417g</p><hr style=\"margin: 0px 0px 10px; padding: 0px; font-family: SVN_Gotham, sans-serif; width: 570px; border-top-color: rgb(174, 176, 176); color: rgb(37, 42, 43); font-size: 13px; background-color: rgb(255, 255, 255);\"><p style=\"margin-right: 0px; margin-bottom: 10px; margin-left: 0px; padding: 0px; font-family: SVN_Gotham, sans-serif; line-height: 21px; color: rgb(37, 42, 43); font-size: 13px; background-color: rgb(255, 255, 255);\"><span style=\"margin: 0px; padding: 0px; font-weight: 700;\">Xuất xứ:</span><span style=\"margin: 0px; padding: 0px;\">&nbsp;</span>Việt Nam</p><p style=\"margin-right: 0px; margin-bottom: 10px; margin-left: 0px; padding: 0px; font-family: SVN_Gotham, sans-serif; line-height: 21px; color: rgb(37, 42, 43); font-size: 13px; background-color: rgb(255, 255, 255);\"><span style=\"margin: 0px; padding: 0px;\">(*) Sản phẩm sử dụng chất liệu da tổng hợp cao cấp giúp chống thấm nước tốt, dễ lau chùi. Sử dụng lâu dài không bị bong tróc hay nổ da, đảm bảo chất lượng sản phẩm luôn bền bỉ. Lớp lót nhung bên trong giúp bảo quản đồ đạc tốt hơn.</span></p>','product/avatar/cap-da-3.JPG',19,'2021-03-04 00:10:55',NULL,NULL,NULL,0,''),(71,'Dây da bê EPSOME PHÁP V001-demo',NULL,NULL,'','','product/avatar/day_da_be_epsome_2.jpg',23,'2021-03-31 14:45:19',NULL,NULL,NULL,1,'day-da-be-epsome-phap-v001-demo-1617176745104'),(72,'Dây da bê EPSOME PHÁP V001',500000.00,NULL,'<div dir=\"auto\" style=\"font-family: &quot;Segoe UI Historic&quot;, &quot;Segoe UI&quot;, Helvetica, Arial, sans-serif; color: rgb(5, 5, 5); font-size: 15px; white-space: pre-wrap; background-color: rgb(255, 255, 255);\">DA BÊ EPSOME ĐẸP BỀN BẤT CHẤP THỜI GIAN </div><div dir=\"auto\" style=\"font-family: &quot;Segoe UI Historic&quot;, &quot;Segoe UI&quot;, Helvetica, Arial, sans-serif; color: rgb(5, 5, 5); font-size: 15px; white-space: pre-wrap; background-color: rgb(255, 255, 255);\">Bảo hành dây da 1 năm cho khách hàng. Tự tin khẳng định bởi chất da nhập khẩu và da thật 100% </div>','<div dir=\"auto\" style=\"font-family: &quot;Segoe UI Historic&quot;, &quot;Segoe UI&quot;, Helvetica, Arial, sans-serif; color: rgb(5, 5, 5); font-size: 15px; white-space: pre-wrap; background-color: rgb(255, 255, 255);\"><span class=\"pq6dq46d tbxw36s4 knj5qynh kvgmc6g5 ditlmg2l oygrvhab nvdbi5me sf5mxxl7 gl3lb2sf hhz5lgdu\" style=\"margin: 0px 1px; height: 16px; width: 16px; display: inline-flex; vertical-align: middle; font-family: inherit;\"><img height=\"16\" width=\"16\" alt=\"?\" referrerpolicy=\"origin-when-cross-origin\" src=\"https://static.xx.fbcdn.net/images/emoji.php/v9/te0/1/16/1f31f.png\" style=\"border: 0px;\"></span> Khâu tay thủ công bền bỉ </div><div dir=\"auto\" style=\"font-family: &quot;Segoe UI Historic&quot;, &quot;Segoe UI&quot;, Helvetica, Arial, sans-serif; color: rgb(5, 5, 5); font-size: 15px; white-space: pre-wrap; background-color: rgb(255, 255, 255);\"><span class=\"pq6dq46d tbxw36s4 knj5qynh kvgmc6g5 ditlmg2l oygrvhab nvdbi5me sf5mxxl7 gl3lb2sf hhz5lgdu\" style=\"margin: 0px 1px; height: 16px; width: 16px; display: inline-flex; vertical-align: middle; font-family: inherit;\"><img height=\"16\" width=\"16\" alt=\"?\" referrerpolicy=\"origin-when-cross-origin\" src=\"https://static.xx.fbcdn.net/images/emoji.php/v9/te0/1/16/1f31f.png\" style=\"border: 0px;\"></span> Da lót da bê zermat chống thấm mồ hôi</div><div dir=\"auto\" style=\"font-family: &quot;Segoe UI Historic&quot;, &quot;Segoe UI&quot;, Helvetica, Arial, sans-serif; color: rgb(5, 5, 5); font-size: 15px; white-space: pre-wrap; background-color: rgb(255, 255, 255);\"><span class=\"pq6dq46d tbxw36s4 knj5qynh kvgmc6g5 ditlmg2l oygrvhab nvdbi5me sf5mxxl7 gl3lb2sf hhz5lgdu\" style=\"margin: 0px 1px; height: 16px; width: 16px; display: inline-flex; vertical-align: middle; font-family: inherit;\"><img height=\"16\" width=\"16\" alt=\"?\" referrerpolicy=\"origin-when-cross-origin\" src=\"https://static.xx.fbcdn.net/images/emoji.php/v9/te0/1/16/1f31f.png\" style=\"border: 0px;\"></span> Adapter và khóa có màu đen, bạc, vàng hồng theo màu máy</div><div dir=\"auto\" style=\"font-family: &quot;Segoe UI Historic&quot;, &quot;Segoe UI&quot;, Helvetica, Arial, sans-serif; color: rgb(5, 5, 5); font-size: 15px; white-space: pre-wrap; background-color: rgb(255, 255, 255);\">+ Size 22-18 cho case apple watch 38,40</div><div dir=\"auto\" style=\"font-family: &quot;Segoe UI Historic&quot;, &quot;Segoe UI&quot;, Helvetica, Arial, sans-serif; color: rgb(5, 5, 5); font-size: 15px; white-space: pre-wrap; background-color: rgb(255, 255, 255);\">+ Size 24-20 cho case apple watch 42,44 </div><div dir=\"auto\" style=\"font-family: &quot;Segoe UI Historic&quot;, &quot;Segoe UI&quot;, Helvetica, Arial, sans-serif; color: rgb(5, 5, 5); font-size: 15px; white-space: pre-wrap; background-color: rgb(255, 255, 255);\"><span class=\"pq6dq46d tbxw36s4 knj5qynh kvgmc6g5 ditlmg2l oygrvhab nvdbi5me sf5mxxl7 gl3lb2sf hhz5lgdu\" style=\"margin: 0px 1px; height: 16px; width: 16px; display: inline-flex; vertical-align: middle; font-family: inherit;\"><img height=\"16\" width=\"16\" alt=\"?\" referrerpolicy=\"origin-when-cross-origin\" src=\"https://static.xx.fbcdn.net/images/emoji.php/v9/t51/1/16/1f449.png\" style=\"border: 0px;\"></span> có điều chỉnh độ dài dây theo kích thước cổ tay</div>','product/avatar/day_da_be_epsome_1.jpg',23,'2021-03-31 14:58:34',NULL,NULL,NULL,1,'day-da-be-epsome-phap-v001-1617177516765');
/*!40000 ALTER TABLE `tbl_products` ENABLE KEYS */;
UNLOCK TABLES;

--
-- Table structure for table `tbl_products_images`
--

DROP TABLE IF EXISTS `tbl_products_images`;
/*!40101 SET @saved_cs_client     = @@character_set_client */;
/*!50503 SET character_set_client = utf8mb4 */;
CREATE TABLE `tbl_products_images` (
  `id` int NOT NULL AUTO_INCREMENT,
  `title` varchar(500) CHARACTER SET utf8 COLLATE utf8_general_ci NOT NULL,
  `path` varchar(200) CHARACTER SET utf8mb4 COLLATE utf8mb4_bin NOT NULL,
  `product_id` int NOT NULL,
  `created_date` datetime DEFAULT NULL,
  `updated_date` datetime DEFAULT NULL,
  `created_by` int DEFAULT NULL,
  `updated_by` int DEFAULT NULL,
  `status` tinyint(1) DEFAULT '1',
  PRIMARY KEY (`id`),
  KEY `fk_product_images_idx` (`product_id`),
  CONSTRAINT `fk_product_images` FOREIGN KEY (`product_id`) REFERENCES `tbl_products` (`id`)
) ENGINE=InnoDB AUTO_INCREMENT=31 DEFAULT CHARSET=utf8mb4 COLLATE=utf8mb4_bin COMMENT='Bảng dữ liệu danh sách ảnh sản phẩm';
/*!40101 SET character_set_client = @saved_cs_client */;

--
-- Dumping data for table `tbl_products_images`
--

LOCK TABLES `tbl_products_images` WRITE;
/*!40000 ALTER TABLE `tbl_products_images` DISABLE KEYS */;
INSERT INTO `tbl_products_images` VALUES (27,'day_da_be_epsome_1.1.jpg','product/picture/day_da_be_epsome_1.1.jpg',72,'2021-03-31 14:22:56',NULL,NULL,NULL,1),(28,'day_da_be_epsome_1.2.jpg','product/picture/day_da_be_epsome_1.2.jpg',72,'2021-03-31 14:23:00',NULL,NULL,NULL,1),(29,'day_da_be_epsome_1.3.jpg','product/picture/day_da_be_epsome_1.3.jpg',72,'2021-03-31 14:23:02',NULL,NULL,NULL,1),(30,'day_da_be_epsome_1.4.jpg','product/picture/day_da_be_epsome_1.4.jpg',72,'2021-03-31 14:23:05',NULL,NULL,NULL,1);
/*!40000 ALTER TABLE `tbl_products_images` ENABLE KEYS */;
UNLOCK TABLES;

--
-- Table structure for table `tbl_roles`
--

DROP TABLE IF EXISTS `tbl_roles`;
/*!40101 SET @saved_cs_client     = @@character_set_client */;
/*!50503 SET character_set_client = utf8mb4 */;
CREATE TABLE `tbl_roles` (
  `id` int NOT NULL AUTO_INCREMENT,
  `name` varchar(45) CHARACTER SET utf8mb4 COLLATE utf8mb4_bin NOT NULL,
  `description` varchar(45) CHARACTER SET utf8mb4 COLLATE utf8mb4_bin NOT NULL,
  `created_date` datetime DEFAULT NULL,
  `updated_date` datetime DEFAULT NULL,
  `created_by` int DEFAULT NULL,
  `updated_by` int DEFAULT NULL,
  `status` tinyint(1) DEFAULT '1',
  PRIMARY KEY (`id`)
) ENGINE=InnoDB AUTO_INCREMENT=10 DEFAULT CHARSET=utf8mb4 COLLATE=utf8mb4_bin COMMENT='Bảng dữ liệu chứa thông tin roles';
/*!40101 SET character_set_client = @saved_cs_client */;

--
-- Dumping data for table `tbl_roles`
--

LOCK TABLES `tbl_roles` WRITE;
/*!40000 ALTER TABLE `tbl_roles` DISABLE KEYS */;
INSERT INTO `tbl_roles` VALUES (7,'ADMIN','Administrator of shop',NULL,NULL,NULL,NULL,1),(8,'GUEST','Guest visit shop',NULL,NULL,NULL,NULL,1),(9,'EDITOR','<p>editor</p>','2021-03-29 20:20:29',NULL,NULL,NULL,0);
/*!40000 ALTER TABLE `tbl_roles` ENABLE KEYS */;
UNLOCK TABLES;

--
-- Table structure for table `tbl_saleorder`
--

DROP TABLE IF EXISTS `tbl_saleorder`;
/*!40101 SET @saved_cs_client     = @@character_set_client */;
/*!50503 SET character_set_client = utf8mb4 */;
CREATE TABLE `tbl_saleorder` (
  `id` int NOT NULL AUTO_INCREMENT,
  `code` varchar(45) CHARACTER SET utf8 COLLATE utf8_general_ci NOT NULL,
  `user_id` int DEFAULT NULL,
  `total` decimal(13,2) DEFAULT NULL,
  `created_date` datetime DEFAULT NULL,
  `updated_date` datetime DEFAULT NULL,
  `created_by` int DEFAULT NULL,
  `updated_by` int DEFAULT NULL,
  `status` tinyint(1) DEFAULT '1',
  `customer_name` varchar(100) CHARACTER SET utf8 COLLATE utf8_general_ci DEFAULT NULL,
  `customer_address` varchar(100) CHARACTER SET utf8 COLLATE utf8_general_ci DEFAULT NULL,
  `seo` varchar(200) CHARACTER SET utf8mb4 COLLATE utf8mb4_bin DEFAULT NULL,
  `customer_phone` varchar(100) CHARACTER SET utf8 COLLATE utf8_general_ci DEFAULT NULL,
  `cutomer_email` varchar(100) CHARACTER SET utf8 COLLATE utf8_general_ci DEFAULT NULL,
  PRIMARY KEY (`id`),
  KEY `user_id_idx` (`user_id`),
  CONSTRAINT `user_id` FOREIGN KEY (`user_id`) REFERENCES `tbl_users` (`id`)
) ENGINE=InnoDB AUTO_INCREMENT=26 DEFAULT CHARSET=utf8mb4 COLLATE=utf8mb4_bin COMMENT='Bảng dữ liệu chứa phiếu mua hàng';
/*!40101 SET character_set_client = @saved_cs_client */;

--
-- Dumping data for table `tbl_saleorder`
--

LOCK TABLES `tbl_saleorder` WRITE;
/*!40000 ALTER TABLE `tbl_saleorder` DISABLE KEYS */;
INSERT INTO `tbl_saleorder` VALUES (7,'1606312487050',NULL,200000.00,'2020-11-25 20:54:47',NULL,NULL,NULL,0,'Nguyễn Văn A','Hà Nội',NULL,NULL,NULL),(8,'1606312582507',NULL,200000.00,'2020-11-25 20:56:23',NULL,NULL,NULL,0,'Nguyễn Văn A','Hà Nội',NULL,NULL,NULL),(9,'ORDER-1615946322743',NULL,0.00,NULL,NULL,NULL,NULL,1,'Dương Thanh Phong','90 Đặng Tiến Đông','ORDER-1615946322743','0961010169',NULL),(12,'ORDER-1615947171542',NULL,0.00,NULL,NULL,NULL,NULL,1,'Dương Thanh Phong','90 Đặng Tiến Đông 1','ORDER-1615947171542','0961010169',NULL),(13,'ORDER-1616152160676',NULL,530002.00,NULL,NULL,NULL,NULL,1,'Đông Tà','Biển Đông','ORDER-1616152160676','0123456789',NULL),(14,'ORDER-1616152573248',NULL,0.00,'2021-03-19 18:16:13',NULL,NULL,NULL,1,'Tây Độc','Tây Bắc','ORDER-1616152573248','0123456789',NULL),(15,'ORDER-1616153057328',NULL,0.00,'2021-03-19 18:24:17',NULL,NULL,NULL,1,'Nam Đế','Hà Nam','ORDER-1616153057328','163726420498',NULL),(16,'ORDER-1616153184113',NULL,0.00,'2021-03-19 18:26:24',NULL,NULL,NULL,1,'Chu Độc pHu','Hà Nội','ORDER-1616153184113','85028-293',NULL),(17,'ORDER-1616153793909',NULL,0.00,'2021-03-19 18:36:34',NULL,NULL,NULL,1,'','','ORDER-1616153793909','',NULL),(18,'ORDER-1616154014265',NULL,1260000.00,'2021-03-19 18:40:14',NULL,NULL,NULL,1,'Chu Độc pHu','90 Đặng Tiến Đông','ORDER-1616154014265','2842',NULL),(19,'ORDER-1616154264329',NULL,840000.00,'2021-03-19 18:44:24',NULL,NULL,NULL,1,'','','ORDER-1616154264329','',NULL),(20,'ORDER-1616904341952',NULL,0.00,NULL,NULL,NULL,NULL,1,'Dương Xuân Đà test mail','90 Đặng Tiến Đông','ORDER-1616904341952','1693719775','xuandapa@gmail.com'),(21,'ORDER-1616904668686',NULL,0.00,NULL,NULL,NULL,NULL,1,'Dương Xuân Đà test mail','90 Đặng Tiến Đông 1','ORDER-1616904668686','1693719775','xuandapa@gmail.com'),(22,'ORDER-1616904728317',NULL,0.00,NULL,NULL,NULL,NULL,1,'Dương Xuân Đà test mail 2','90 Đặng Tiến Đông 1','ORDER-1616904728317','1693719775','dadx.jsoft@gmail.com'),(23,'ORDER-1616904990079',NULL,0.00,NULL,NULL,NULL,NULL,1,'Dương Xuân Đà test mail 3','90 Đặng Tiến Đông 1','ORDER-1616904990079','1693719775','xuandapa@gmail.com'),(24,'ORDER-1616906170410',NULL,711000.00,'2021-03-28 11:36:10',NULL,NULL,NULL,1,'','','ORDER-1616906170410','',''),(25,'ORDER-1616906376373',NULL,420000.00,'2021-03-28 11:39:36',NULL,NULL,NULL,1,'Test required input','90 Đặng Tiến Đông','ORDER-1616906376373','1693719775','dadx.jsoft@gmail.com');
/*!40000 ALTER TABLE `tbl_saleorder` ENABLE KEYS */;
UNLOCK TABLES;

--
-- Table structure for table `tbl_saleorder_products`
--

DROP TABLE IF EXISTS `tbl_saleorder_products`;
/*!40101 SET @saved_cs_client     = @@character_set_client */;
/*!50503 SET character_set_client = utf8mb4 */;
CREATE TABLE `tbl_saleorder_products` (
  `id` int NOT NULL AUTO_INCREMENT,
  `saleorder_id` int NOT NULL,
  `product_id` int NOT NULL,
  `quality` int NOT NULL,
  `created_date` datetime DEFAULT NULL,
  `updated_date` datetime DEFAULT NULL,
  `created_by` int DEFAULT NULL,
  `updated_by` int DEFAULT NULL,
  `status` tinyint(1) DEFAULT '1',
  `quantity` int DEFAULT NULL,
  PRIMARY KEY (`id`),
  KEY `fk_saleorder_product_idx` (`saleorder_id`),
  KEY `product_id_idx` (`product_id`),
  CONSTRAINT `fk_saleorder_product` FOREIGN KEY (`saleorder_id`) REFERENCES `tbl_saleorder` (`id`),
  CONSTRAINT `product_id` FOREIGN KEY (`product_id`) REFERENCES `tbl_products` (`id`)
) ENGINE=InnoDB AUTO_INCREMENT=31 DEFAULT CHARSET=utf8mb4 COLLATE=utf8mb4_bin COMMENT='Bảng dữ liệu chứa phiếu mua hàng';
/*!40101 SET character_set_client = @saved_cs_client */;

--
-- Dumping data for table `tbl_saleorder_products`
--

LOCK TABLES `tbl_saleorder_products` WRITE;
/*!40000 ALTER TABLE `tbl_saleorder_products` DISABLE KEYS */;
INSERT INTO `tbl_saleorder_products` VALUES (15,12,60,2,NULL,NULL,NULL,NULL,1,NULL),(16,13,58,2,NULL,NULL,NULL,NULL,1,NULL),(17,13,66,2,NULL,NULL,NULL,NULL,1,NULL),(18,14,66,1,NULL,NULL,NULL,NULL,1,NULL),(19,14,58,2,NULL,NULL,NULL,NULL,1,NULL),(20,15,58,1,NULL,NULL,NULL,NULL,1,NULL),(21,15,65,2,NULL,NULL,NULL,NULL,1,NULL),(22,16,61,3,NULL,NULL,NULL,NULL,1,NULL),(24,17,58,1,'2021-03-19 18:36:34',NULL,NULL,NULL,1,NULL),(25,18,58,2,'2021-03-19 18:40:14',NULL,NULL,NULL,1,NULL),(26,18,59,1,'2021-03-19 18:40:14',NULL,NULL,NULL,1,NULL),(27,19,58,1,'2021-03-19 18:44:24',NULL,NULL,NULL,1,NULL),(28,19,59,1,'2021-03-19 18:44:24',NULL,NULL,NULL,1,NULL),(29,24,63,1,'2021-03-28 11:36:10',NULL,NULL,NULL,1,NULL),(30,25,60,1,'2021-03-28 11:39:36',NULL,NULL,NULL,1,NULL);
/*!40000 ALTER TABLE `tbl_saleorder_products` ENABLE KEYS */;
UNLOCK TABLES;

--
-- Table structure for table `tbl_users`
--

DROP TABLE IF EXISTS `tbl_users`;
/*!40101 SET @saved_cs_client     = @@character_set_client */;
/*!50503 SET character_set_client = utf8mb4 */;
CREATE TABLE `tbl_users` (
  `id` int NOT NULL AUTO_INCREMENT,
  `username` varchar(45) CHARACTER SET utf8mb4 COLLATE utf8mb4_bin NOT NULL,
  `password` varchar(100) CHARACTER SET utf8mb4 COLLATE utf8mb4_bin NOT NULL,
  `email` varchar(45) CHARACTER SET utf8mb4 COLLATE utf8mb4_bin NOT NULL,
  `created_date` datetime DEFAULT NULL,
  `updated_date` datetime DEFAULT NULL,
  `created_by` int DEFAULT NULL,
  `updated_by` int DEFAULT NULL,
  `status` tinyint(1) DEFAULT '1',
  `full_name` varchar(100) COLLATE utf8mb4_bin NOT NULL,
  `address` varchar(200) COLLATE utf8mb4_bin DEFAULT NULL,
  `phone` varchar(10) COLLATE utf8mb4_bin DEFAULT NULL,
  PRIMARY KEY (`id`),
  UNIQUE KEY `username_UNIQUE` (`username`),
  UNIQUE KEY `email_UNIQUE` (`email`)
) ENGINE=InnoDB AUTO_INCREMENT=10 DEFAULT CHARSET=utf8mb4 COLLATE=utf8mb4_bin COMMENT='Bảng dữ liệu chứa thông tin người dùng';
/*!40101 SET character_set_client = @saved_cs_client */;

--
-- Dumping data for table `tbl_users`
--

LOCK TABLES `tbl_users` WRITE;
/*!40000 ALTER TABLE `tbl_users` DISABLE KEYS */;
INSERT INTO `tbl_users` VALUES (7,'guest','$2a$08$L.03fm/tpKoXvxlkpoqfdOUmUHu.Kdc8ucOJwRvyw2OKvR0u5rX3u','guest@abc.com',NULL,NULL,NULL,NULL,1,'',NULL,NULL),(8,'admin','$2a$04$LdTMpn6dYDsjDADvW1Ig7.pMUEWitlpN3frpzPvwq32yArFYURLU2','amdin@abc.com',NULL,NULL,NULL,NULL,1,'',NULL,NULL),(9,'user','$2a$04$aVuqZZv1.QxwXVB1Hdkr0uD0cT8JS1WEmzpZp5v/34pauBAcvJ73q','xuandapa@gmail.com','2021-03-20 21:39:49',NULL,NULL,NULL,1,'Dương Xuân Đà','A12A Khu tập thể học viện Nguyễn Ái Quốc','0961010169');
/*!40000 ALTER TABLE `tbl_users` ENABLE KEYS */;
UNLOCK TABLES;

--
-- Table structure for table `tbl_users_roles`
--

DROP TABLE IF EXISTS `tbl_users_roles`;
/*!40101 SET @saved_cs_client     = @@character_set_client */;
/*!50503 SET character_set_client = utf8mb4 */;
CREATE TABLE `tbl_users_roles` (
  `user_id` int NOT NULL,
  `role_id` int NOT NULL,
  PRIMARY KEY (`user_id`,`role_id`),
  KEY `fk_roles_idx` (`role_id`),
  CONSTRAINT `fk_roles` FOREIGN KEY (`role_id`) REFERENCES `tbl_roles` (`id`),
  CONSTRAINT `fk_users` FOREIGN KEY (`user_id`) REFERENCES `tbl_users` (`id`)
) ENGINE=InnoDB DEFAULT CHARSET=utf8mb4 COLLATE=utf8mb4_bin COMMENT='bảng trung gian thể hiện quan hệ n-n của users và roles';
/*!40101 SET character_set_client = @saved_cs_client */;

--
-- Dumping data for table `tbl_users_roles`
--

LOCK TABLES `tbl_users_roles` WRITE;
/*!40000 ALTER TABLE `tbl_users_roles` DISABLE KEYS */;
INSERT INTO `tbl_users_roles` VALUES (8,7),(7,8),(9,8);
/*!40000 ALTER TABLE `tbl_users_roles` ENABLE KEYS */;
UNLOCK TABLES;
/*!40103 SET TIME_ZONE=@OLD_TIME_ZONE */;

/*!40101 SET SQL_MODE=@OLD_SQL_MODE */;
/*!40014 SET FOREIGN_KEY_CHECKS=@OLD_FOREIGN_KEY_CHECKS */;
/*!40014 SET UNIQUE_CHECKS=@OLD_UNIQUE_CHECKS */;
/*!40101 SET CHARACTER_SET_CLIENT=@OLD_CHARACTER_SET_CLIENT */;
/*!40101 SET CHARACTER_SET_RESULTS=@OLD_CHARACTER_SET_RESULTS */;
/*!40101 SET COLLATION_CONNECTION=@OLD_COLLATION_CONNECTION */;
/*!40111 SET SQL_NOTES=@OLD_SQL_NOTES */;

-- Dump completed on 2021-03-31 16:19:22
