-- MySQL dump 10.13  Distrib 8.0.23, for Win64 (x86_64)
--
-- Host: 127.0.0.1    Database: shopdoda
-- ------------------------------------------------------
-- Server version	8.0.23

/*!40101 SET @OLD_CHARACTER_SET_CLIENT=@@CHARACTER_SET_CLIENT */;
/*!40101 SET @OLD_CHARACTER_SET_RESULTS=@@CHARACTER_SET_RESULTS */;
/*!40101 SET @OLD_COLLATION_CONNECTION=@@COLLATION_CONNECTION */;
/*!50503 SET NAMES utf8 */;
/*!40103 SET @OLD_TIME_ZONE=@@TIME_ZONE */;
/*!40103 SET TIME_ZONE='+00:00' */;
/*!40014 SET @OLD_UNIQUE_CHECKS=@@UNIQUE_CHECKS, UNIQUE_CHECKS=0 */;
/*!40014 SET @OLD_FOREIGN_KEY_CHECKS=@@FOREIGN_KEY_CHECKS, FOREIGN_KEY_CHECKS=0 */;
/*!40101 SET @OLD_SQL_MODE=@@SQL_MODE, SQL_MODE='NO_AUTO_VALUE_ON_ZERO' */;
/*!40111 SET @OLD_SQL_NOTES=@@SQL_NOTES, SQL_NOTES=0 */;

--
-- Table structure for table `tbl_attribute`
--

DROP TABLE IF EXISTS `tbl_attribute`;
/*!40101 SET @saved_cs_client     = @@character_set_client */;
/*!50503 SET character_set_client = utf8mb4 */;
CREATE TABLE `tbl_attribute` (
  `id` int NOT NULL AUTO_INCREMENT,
  `name` varchar(100) CHARACTER SET utf8 COLLATE utf8_general_ci NOT NULL,
  `value` varchar(100) CHARACTER SET utf8mb4 COLLATE utf8mb4_bin NOT NULL,
  `description` varchar(500) COLLATE utf8mb4_bin DEFAULT NULL,
  `created_date` datetime DEFAULT CURRENT_TIMESTAMP,
  `updated_date` datetime DEFAULT CURRENT_TIMESTAMP,
  `created_by` int DEFAULT NULL,
  `updated_by` int DEFAULT NULL,
  `status` tinyint(1) DEFAULT '1',
  `seo` varchar(45) CHARACTER SET utf8mb4 COLLATE utf8mb4_bin DEFAULT NULL,
  PRIMARY KEY (`id`)
) ENGINE=InnoDB AUTO_INCREMENT=28 DEFAULT CHARSET=utf8mb4 COLLATE=utf8mb4_bin COMMENT='Bảng dữ liệu chứa thuộc tính sản phẩm';
/*!40101 SET character_set_client = @saved_cs_client */;

--
-- Dumping data for table `tbl_attribute`
--

LOCK TABLES `tbl_attribute` WRITE;
/*!40000 ALTER TABLE `tbl_attribute` DISABLE KEYS */;
/*!40000 ALTER TABLE `tbl_attribute` ENABLE KEYS */;
UNLOCK TABLES;

--
-- Table structure for table `tbl_category`
--

DROP TABLE IF EXISTS `tbl_category`;
/*!40101 SET @saved_cs_client     = @@character_set_client */;
/*!50503 SET character_set_client = utf8mb4 */;
CREATE TABLE `tbl_category` (
  `id` int NOT NULL AUTO_INCREMENT,
  `name` varchar(45) CHARACTER SET utf8 COLLATE utf8_general_ci NOT NULL,
  `description` varchar(1000) CHARACTER SET utf8mb4 COLLATE utf8mb4_bin NOT NULL,
  `created_date` datetime DEFAULT CURRENT_TIMESTAMP,
  `updated_date` datetime DEFAULT CURRENT_TIMESTAMP,
  `created_by` int DEFAULT NULL,
  `updated_by` int DEFAULT NULL,
  `parent_id` int DEFAULT NULL,
  `status` tinyint(1) DEFAULT '1',
  `seo` varchar(45) CHARACTER SET utf8mb4 COLLATE utf8mb4_bin DEFAULT NULL,
  PRIMARY KEY (`id`),
  KEY `fk_internal_idx` (`parent_id`),
  CONSTRAINT `fk_internal` FOREIGN KEY (`parent_id`) REFERENCES `tbl_category` (`id`)
) ENGINE=InnoDB AUTO_INCREMENT=30 DEFAULT CHARSET=utf8mb4 COLLATE=utf8mb4_bin COMMENT='Bảng dữ liệu chứa danh mục sản phẩm';
/*!40101 SET character_set_client = @saved_cs_client */;

--
-- Dumping data for table `tbl_category`
--

LOCK TABLES `tbl_category` WRITE;
/*!40000 ALTER TABLE `tbl_category` DISABLE KEYS */;
INSERT INTO `tbl_category` VALUES (17,'Túi đeo chéo da','Túi đeo chéo da','2020-12-19 14:51:51',NULL,8,NULL,NULL,1,'tui-deo-cheo-da'),(18,'Ba lô da','Ba lô da là sản phẩm chiến lược của wada shop','2020-12-22 14:51:51','2021-04-08 08:59:58',8,8,NULL,1,'ba-lo-da'),(19,'Cặp da công sở','Cặp da công sở','2020-12-21 14:51:00',NULL,8,NULL,NULL,1,'cap-da-cong-so'),(20,'Ví da','Ví da','2020-12-23 14:51:51',NULL,8,NULL,NULL,1,'vi-da'),(23,'Dây da đồng hồ','<p>Dây da đồng hồ<br></p>','2020-12-21 14:51:51',NULL,8,NULL,NULL,1,'day-da-dong-ho'),(28,'Demo cat 1','<p>d</p>','2020-12-20 20:15:49',NULL,8,NULL,NULL,0,'demo-cat-1'),(29,'Thắt lưng da','<p>Thắt lưng da</p>','2021-04-08 09:01:10',NULL,8,NULL,NULL,1,'that-lung-da');
/*!40000 ALTER TABLE `tbl_category` ENABLE KEYS */;
UNLOCK TABLES;

--
-- Table structure for table `tbl_category_attribute`
--

DROP TABLE IF EXISTS `tbl_category_attribute`;
/*!40101 SET @saved_cs_client     = @@character_set_client */;
/*!50503 SET character_set_client = utf8mb4 */;
CREATE TABLE `tbl_category_attribute` (
  `id` int NOT NULL AUTO_INCREMENT,
  `category_id` int NOT NULL,
  `attribute_id` int NOT NULL,
  PRIMARY KEY (`id`),
  KEY `fk_category_idx` (`category_id`),
  KEY `fk_attribute_idx` (`attribute_id`),
  CONSTRAINT `fk_attribute` FOREIGN KEY (`attribute_id`) REFERENCES `tbl_attribute` (`id`),
  CONSTRAINT `fk_category` FOREIGN KEY (`category_id`) REFERENCES `tbl_category` (`id`)
) ENGINE=InnoDB DEFAULT CHARSET=utf8mb4 COLLATE=utf8mb4_bin;
/*!40101 SET character_set_client = @saved_cs_client */;

--
-- Dumping data for table `tbl_category_attribute`
--

LOCK TABLES `tbl_category_attribute` WRITE;
/*!40000 ALTER TABLE `tbl_category_attribute` DISABLE KEYS */;
/*!40000 ALTER TABLE `tbl_category_attribute` ENABLE KEYS */;
UNLOCK TABLES;

--
-- Table structure for table `tbl_contact`
--

DROP TABLE IF EXISTS `tbl_contact`;
/*!40101 SET @saved_cs_client     = @@character_set_client */;
/*!50503 SET character_set_client = utf8mb4 */;
CREATE TABLE `tbl_contact` (
  `id` int NOT NULL AUTO_INCREMENT,
  `full_name` varchar(200) CHARACTER SET utf8 COLLATE utf8_general_ci NOT NULL,
  `email` varchar(45) CHARACTER SET utf8mb4 COLLATE utf8mb4_bin NOT NULL,
  `request_type` varchar(45) CHARACTER SET utf8mb4 COLLATE utf8mb4_bin NOT NULL,
  `message` varchar(1000) CHARACTER SET utf8mb4 COLLATE utf8mb4_bin NOT NULL,
  `created_date` datetime DEFAULT CURRENT_TIMESTAMP,
  `updated_date` datetime DEFAULT CURRENT_TIMESTAMP,
  `created_by` int DEFAULT NULL,
  `updated_by` int DEFAULT NULL,
  `status` tinyint(1) DEFAULT '1',
  PRIMARY KEY (`id`)
) ENGINE=InnoDB AUTO_INCREMENT=8 DEFAULT CHARSET=utf8mb4 COLLATE=utf8mb4_bin COMMENT='Bảng dữ liệu chứa thông tin liên hệ';
/*!40101 SET character_set_client = @saved_cs_client */;

--
-- Dumping data for table `tbl_contact`
--

LOCK TABLES `tbl_contact` WRITE;
/*!40000 ALTER TABLE `tbl_contact` DISABLE KEYS */;
INSERT INTO `tbl_contact` VALUES (4,'Dương Xuân Hương','xuandapa@gmail.com','CONTACT','Tôi muốn hỏi về chính sách bảo hành.','2021-04-07 10:06:43','2021-04-07 10:06:43',NULL,NULL,1),(5,'Dương Xuân Đà','xuandapa@gmail.com','CONTACT','Tôi muốn mua trực tiếp tại shop?','2021-04-07 10:09:05','2021-04-07 10:09:05',NULL,NULL,1),(6,'Dương Thanh Phong','dadx.jsoft@gmail.com','CONTACT','Khi nào có dây cá sấu về shop ạ?','2021-04-07 10:10:25','2021-04-07 10:10:25',NULL,NULL,1),(7,'Đinh Thế Nghĩa','dinhnghia1410dt@gmail.com','CONTACT','Tôi muốn mua giá sỉ?','2021-04-07 10:16:07','2021-04-07 10:16:07',NULL,NULL,1);
/*!40000 ALTER TABLE `tbl_contact` ENABLE KEYS */;
UNLOCK TABLES;

--
-- Table structure for table `tbl_products`
--

DROP TABLE IF EXISTS `tbl_products`;
/*!40101 SET @saved_cs_client     = @@character_set_client */;
/*!50503 SET character_set_client = utf8mb4 */;
CREATE TABLE `tbl_products` (
  `id` int NOT NULL AUTO_INCREMENT,
  `title` varchar(1000) CHARACTER SET utf8mb4 COLLATE utf8mb4_bin NOT NULL,
  `price` decimal(13,2) DEFAULT NULL,
  `price_sale` decimal(13,2) DEFAULT NULL,
  `short_description` varchar(5000) CHARACTER SET utf8mb4 COLLATE utf8mb4_bin DEFAULT NULL,
  `detail_description` longtext CHARACTER SET utf8mb4 COLLATE utf8mb4_bin,
  `avatar` varchar(200) CHARACTER SET utf8mb4 COLLATE utf8mb4_bin DEFAULT NULL,
  `category_id` int DEFAULT NULL,
  `created_date` datetime DEFAULT CURRENT_TIMESTAMP,
  `updated_date` datetime DEFAULT CURRENT_TIMESTAMP,
  `created_by` int DEFAULT NULL,
  `updated_by` int DEFAULT NULL,
  `status` tinyint(1) DEFAULT '1',
  `seo` varchar(1000) CHARACTER SET utf8mb4 COLLATE utf8mb4_bin DEFAULT NULL,
  `color` varchar(50) COLLATE utf8mb4_bin DEFAULT NULL,
  `material` varchar(100) COLLATE utf8mb4_bin DEFAULT NULL,
  PRIMARY KEY (`id`),
  KEY `fk_category_products_idx` (`category_id`),
  CONSTRAINT `fk_category_products` FOREIGN KEY (`category_id`) REFERENCES `tbl_category` (`id`) ON DELETE RESTRICT
) ENGINE=InnoDB AUTO_INCREMENT=80 DEFAULT CHARSET=utf8mb4 COLLATE=utf8mb4_bin COMMENT='Bảng dữ liệu chứa danh mục sản phẩm';
/*!40101 SET character_set_client = @saved_cs_client */;

--
-- Dumping data for table `tbl_products`
--

LOCK TABLES `tbl_products` WRITE;
/*!40000 ALTER TABLE `tbl_products` DISABLE KEYS */;
INSERT INTO `tbl_products` VALUES (58,'Túi Đeo Chéo Da Nam Lata BALC27D',420000.00,NULL,'','<div class=\"panel-heading\" role=\"tab\" id=\"heading-product-description\" style=\"margin: 0px; padding: 15px; font-family: SVN_Gotham, sans-serif; border: 0px; border-top-left-radius: 3px; border-top-right-radius: 3px; color: rgb(51, 51, 51); background-color: rgb(255, 255, 255); font-size: 14px;\"><h4 class=\"panel-title\" style=\"margin-right: -15px; margin-bottom: 0px; margin-left: -15px; padding: 0px; font-family: inherit; line-height: 18px; color: inherit; font-size: 13px;\"><a class=\"text-uppercase\" role=\"button\" data-toggle=\"collapse\" data-parent=\"#accordion\" href=\"https://latashop.com/products/tui-deo-cheo-da-nam-lata-balc27d-mau-den#product-description\" aria-expanded=\"false\" aria-controls=\"product-description\" style=\"margin: 0px; padding: 0px; color: inherit; outline: none; transition: opacity 150ms linear 0s, color 150ms linear 0s, background 150ms linear 0s; line-height: 1.1; position: relative; display: block;\">MÔ TẢ SẢN PHẨM</a></h4></div><div id=\"product-description\" class=\"panel-collapse collapse in\" role=\"tabpanel\" aria-labelledby=\"heading-product-description\" style=\"margin: 0px; padding: 0px; font-family: SVN_Gotham, sans-serif; display: block; visibility: visible; color: rgb(37, 42, 43); font-size: 14px;\"><div class=\"panel-body\" style=\"margin: 0px; padding: 0px; border: 0px;\"><div class=\"description-content\" style=\"margin: 0px; padding: 0px; background: rgb(245, 245, 245);\"><div class=\"description-productdetail\" style=\"margin: 0px; padding: 0px; background: rgb(255, 255, 255); font-size: 13px;\"><div id=\"ega-uti-editable-content\" data-platform=\"haravan\" data-id=\"1030619366\" style=\"margin: 0px; padding: 0px;\"><p style=\"margin-right: 0px; margin-bottom: 10px; margin-left: 0px; padding: 0px; line-height: 21px;\"><span style=\"margin: 0px; padding: 0px; font-weight: 700;\"><a href=\"https://latashop.com/collections/tui-deo-cheo-da-nam\" style=\"margin: 0px; padding: 0px; color: rgb(37, 42, 43); outline: none; transition: opacity 150ms linear 0s, color 150ms linear 0s, background 150ms linear 0s;\">Túi đeo chéo da nam Lata</a></span>&nbsp;BALC27 với kiểu dáng trẻ trung, thích hợp cho các bạn thời hiện đại. Với 4 gam màu trung tính bạn có thể lựa chọn. Bò đậm thanh lịch, bò nhạt trẻ trung, nâu mạnh mẽ và đen cá tính.</p><p style=\"margin-right: 0px; margin-bottom: 10px; margin-left: 0px; padding: 0px; line-height: 21px;\">THÔNG TIN KỸ THUẬT</p><hr style=\"margin: 0px 0px 10px; padding: 0px; width: 570px; border-top-color: rgb(174, 176, 176);\"><p style=\"margin-right: 0px; margin-bottom: 10px; margin-left: 0px; padding: 0px; line-height: 21px;\"><span style=\"margin: 0px; padding: 0px; font-weight: 700;\">Kích thước</span>: Dài 26cm x rộng 6,5cm x cao 12cm</p><hr style=\"margin: 0px 0px 10px; padding: 0px; width: 570px; border-top-color: rgb(174, 176, 176);\"><p style=\"margin-right: 0px; margin-bottom: 10px; margin-left: 0px; padding: 0px; line-height: 21px;\"><span style=\"margin: 0px; padding: 0px; font-weight: 700;\">Số ngăn</span>: 5 ngăn ( 1 ngăn chính, 4 ngăn phụ )</p><hr style=\"margin: 0px 0px 10px; padding: 0px; width: 570px; border-top-color: rgb(174, 176, 176);\"><p style=\"margin-right: 0px; margin-bottom: 10px; margin-left: 0px; padding: 0px; line-height: 21px;\"><span style=\"margin: 0px; padding: 0px; font-weight: 700;\">Công dụng</span>&nbsp;:Đựng vừa sổ tay, điện thoại Iphone 11 ProMax, ví tiền, cáp sạc</p><hr style=\"margin: 0px 0px 10px; padding: 0px; width: 570px; border-top-color: rgb(174, 176, 176);\"><p style=\"margin-right: 0px; margin-bottom: 10px; margin-left: 0px; padding: 0px; line-height: 21px;\"><span style=\"margin: 0px; padding: 0px; font-weight: 700;\">Trọng lượng</span>&nbsp;: 298 grams</p><hr style=\"margin: 0px 0px 10px; padding: 0px; width: 570px; border-top-color: rgb(174, 176, 176);\"><p style=\"margin-right: 0px; margin-bottom: 10px; margin-left: 0px; padding: 0px; line-height: 21px;\"><span style=\"margin: 0px; padding: 0px; font-weight: 700;\">Chất liệu:</span>&nbsp;Da tổng hợp cao cấp (*)</p><hr style=\"margin: 0px 0px 10px; padding: 0px; width: 570px; border-top-color: rgb(174, 176, 176);\"><p style=\"margin-right: 0px; margin-bottom: 10px; margin-left: 0px; padding: 0px; line-height: 21px;\"><span style=\"margin: 0px; padding: 0px; font-weight: 700;\">Xuất xứ:</span>&nbsp;Việt Nam</p><p style=\"margin-right: 0px; margin-bottom: 10px; margin-left: 0px; padding: 0px; line-height: 21px;\">(*) Chất liệu da tổng hợp cao cấp giúp sản phẩm luôn sáng bóng, chống thấm nước và bền bỉ, sử dụng lâu dài không bị bong tróc hay nổ da.</p></div></div></div></div></div>','product/avatar/tui-deo-cheo-1.JPG',17,'2021-03-12 15:53:00',NULL,NULL,NULL,1,'tui-eo-cheo-da-nam-lata-balc27d-1617645331706','Đen huyền bí','Da bê'),(59,'Túi Đeo Chéo Da Nam Lata BALC27N',420000.00,NULL,'','<p style=\"margin-right: 0px; margin-bottom: 10px; margin-left: 0px; padding: 0px; font-family: SVN_Gotham, sans-serif; line-height: 21px; color: rgb(37, 42, 43); font-size: 13px; background-color: rgb(255, 255, 255);\"><span style=\"margin: 0px; padding: 0px; font-weight: 700;\"><a href=\"https://latashop.com/collections/tui-deo-cheo-da-nam\" style=\"margin: 0px; padding: 0px; color: rgb(37, 42, 43); outline: none; transition: opacity 150ms linear 0s, color 150ms linear 0s, background 150ms linear 0s;\">Túi đeo chéo da nam Lata</a></span>&nbsp;BALC27 với kiểu dáng trẻ trung, thích hợp cho các bạn thời hiện đại. Với 4 gam màu trung tính bạn có thể lựa chọn. Bò đậm thanh lịch, bò nhạt trẻ trung, nâu mạnh mẽ và đen cá tính.</p><p style=\"margin-right: 0px; margin-bottom: 10px; margin-left: 0px; padding: 0px; font-family: SVN_Gotham, sans-serif; line-height: 21px; color: rgb(37, 42, 43); font-size: 13px; background-color: rgb(255, 255, 255);\">THÔNG TIN KỸ THUẬT</p><hr style=\"margin: 0px 0px 10px; padding: 0px; font-family: SVN_Gotham, sans-serif; width: 570px; border-top-color: rgb(174, 176, 176); color: rgb(37, 42, 43); font-size: 13px; background-color: rgb(255, 255, 255);\"><p style=\"margin-right: 0px; margin-bottom: 10px; margin-left: 0px; padding: 0px; font-family: SVN_Gotham, sans-serif; line-height: 21px; color: rgb(37, 42, 43); font-size: 13px; background-color: rgb(255, 255, 255);\"><span style=\"margin: 0px; padding: 0px; font-weight: 700;\">Kích thước</span>: Dài 26cm x rộng 6,5cm x cao 12cm</p><hr style=\"margin: 0px 0px 10px; padding: 0px; font-family: SVN_Gotham, sans-serif; width: 570px; border-top-color: rgb(174, 176, 176); color: rgb(37, 42, 43); font-size: 13px; background-color: rgb(255, 255, 255);\"><p style=\"margin-right: 0px; margin-bottom: 10px; margin-left: 0px; padding: 0px; font-family: SVN_Gotham, sans-serif; line-height: 21px; color: rgb(37, 42, 43); font-size: 13px; background-color: rgb(255, 255, 255);\"><span style=\"margin: 0px; padding: 0px; font-weight: 700;\">Số ngăn</span>: 5 ngăn ( 1 ngăn chính, 4 ngăn phụ )</p><hr style=\"margin: 0px 0px 10px; padding: 0px; font-family: SVN_Gotham, sans-serif; width: 570px; border-top-color: rgb(174, 176, 176); color: rgb(37, 42, 43); font-size: 13px; background-color: rgb(255, 255, 255);\"><p style=\"margin-right: 0px; margin-bottom: 10px; margin-left: 0px; padding: 0px; font-family: SVN_Gotham, sans-serif; line-height: 21px; color: rgb(37, 42, 43); font-size: 13px; background-color: rgb(255, 255, 255);\"><span style=\"margin: 0px; padding: 0px; font-weight: 700;\">Công dụng</span>&nbsp;:Đựng vừa sổ tay, điện thoại Iphone 11 ProMax, ví tiền, cáp sạc</p><hr style=\"margin: 0px 0px 10px; padding: 0px; font-family: SVN_Gotham, sans-serif; width: 570px; border-top-color: rgb(174, 176, 176); color: rgb(37, 42, 43); font-size: 13px; background-color: rgb(255, 255, 255);\"><p style=\"margin-right: 0px; margin-bottom: 10px; margin-left: 0px; padding: 0px; font-family: SVN_Gotham, sans-serif; line-height: 21px; color: rgb(37, 42, 43); font-size: 13px; background-color: rgb(255, 255, 255);\"><span style=\"margin: 0px; padding: 0px; font-weight: 700;\">Trọng lượng</span>&nbsp;: 298 grams</p><hr style=\"margin: 0px 0px 10px; padding: 0px; font-family: SVN_Gotham, sans-serif; width: 570px; border-top-color: rgb(174, 176, 176); color: rgb(37, 42, 43); font-size: 13px; background-color: rgb(255, 255, 255);\"><p style=\"margin-right: 0px; margin-bottom: 10px; margin-left: 0px; padding: 0px; font-family: SVN_Gotham, sans-serif; line-height: 21px; color: rgb(37, 42, 43); font-size: 13px; background-color: rgb(255, 255, 255);\"><span style=\"margin: 0px; padding: 0px; font-weight: 700;\">Chất liệu:</span>&nbsp;Da tổng hợp cao cấp (*)</p><hr style=\"margin: 0px 0px 10px; padding: 0px; font-family: SVN_Gotham, sans-serif; width: 570px; border-top-color: rgb(174, 176, 176); color: rgb(37, 42, 43); font-size: 13px; background-color: rgb(255, 255, 255);\"><p style=\"margin-right: 0px; margin-bottom: 10px; margin-left: 0px; padding: 0px; font-family: SVN_Gotham, sans-serif; line-height: 21px; color: rgb(37, 42, 43); font-size: 13px; background-color: rgb(255, 255, 255);\"><span style=\"margin: 0px; padding: 0px; font-weight: 700;\">Xuất xứ:</span>&nbsp;Việt Nam</p><p style=\"margin-right: 0px; margin-bottom: 10px; margin-left: 0px; padding: 0px; font-family: SVN_Gotham, sans-serif; line-height: 21px; color: rgb(37, 42, 43); font-size: 13px; background-color: rgb(255, 255, 255);\">(*) Chất liệu da tổng hợp cao cấp giúp sản phẩm luôn sáng bóng, chống thấm nước và bền bỉ, sử dụng lâu dài không bị bong tróc hay nổ da.</p>','product/avatar/tui-deo-cheo-2.JPG',17,'2021-03-12 15:53:39',NULL,NULL,NULL,1,'tui-eo-cheo-da-nam-lata-balc27n-1615539219459',NULL,NULL),(60,'Túi Đeo Chéo Da Nam Lata BALC27BN',420000.00,NULL,'','<p style=\"margin-right: 0px; margin-bottom: 10px; margin-left: 0px; padding: 0px; font-family: SVN_Gotham, sans-serif; line-height: 21px; color: rgb(37, 42, 43); font-size: 13px; background-color: rgb(255, 255, 255);\"><span style=\"margin: 0px; padding: 0px; font-weight: 700;\"><a href=\"https://latashop.com/collections/tui-deo-cheo-da-nam\" style=\"margin: 0px; padding: 0px; color: rgb(37, 42, 43); outline: none; transition: opacity 150ms linear 0s, color 150ms linear 0s, background 150ms linear 0s;\">Túi đeo chéo da nam Lata</a></span>&nbsp;BALC27 với kiểu dáng trẻ trung, thích hợp cho các bạn thời hiện đại. Với 4 gam màu trung tính bạn có thể lựa chọn. Bò đậm thanh lịch, bò nhạt trẻ trung, nâu mạnh mẽ và đen cá tính.</p><p style=\"margin-right: 0px; margin-bottom: 10px; margin-left: 0px; padding: 0px; font-family: SVN_Gotham, sans-serif; line-height: 21px; color: rgb(37, 42, 43); font-size: 13px; background-color: rgb(255, 255, 255);\">THÔNG TIN KỸ THUẬT</p><hr style=\"margin: 0px 0px 10px; padding: 0px; font-family: SVN_Gotham, sans-serif; width: 570px; border-top-color: rgb(174, 176, 176); color: rgb(37, 42, 43); font-size: 13px; background-color: rgb(255, 255, 255);\"><p style=\"margin-right: 0px; margin-bottom: 10px; margin-left: 0px; padding: 0px; font-family: SVN_Gotham, sans-serif; line-height: 21px; color: rgb(37, 42, 43); font-size: 13px; background-color: rgb(255, 255, 255);\"><span style=\"margin: 0px; padding: 0px; font-weight: 700;\">Kích thước</span>: Dài 26cm x rộng 6,5cm x cao 12cm</p><hr style=\"margin: 0px 0px 10px; padding: 0px; font-family: SVN_Gotham, sans-serif; width: 570px; border-top-color: rgb(174, 176, 176); color: rgb(37, 42, 43); font-size: 13px; background-color: rgb(255, 255, 255);\"><p style=\"margin-right: 0px; margin-bottom: 10px; margin-left: 0px; padding: 0px; font-family: SVN_Gotham, sans-serif; line-height: 21px; color: rgb(37, 42, 43); font-size: 13px; background-color: rgb(255, 255, 255);\"><span style=\"margin: 0px; padding: 0px; font-weight: 700;\">Số ngăn</span>: 5 ngăn ( 1 ngăn chính, 4 ngăn phụ )</p><hr style=\"margin: 0px 0px 10px; padding: 0px; font-family: SVN_Gotham, sans-serif; width: 570px; border-top-color: rgb(174, 176, 176); color: rgb(37, 42, 43); font-size: 13px; background-color: rgb(255, 255, 255);\"><p style=\"margin-right: 0px; margin-bottom: 10px; margin-left: 0px; padding: 0px; font-family: SVN_Gotham, sans-serif; line-height: 21px; color: rgb(37, 42, 43); font-size: 13px; background-color: rgb(255, 255, 255);\"><span style=\"margin: 0px; padding: 0px; font-weight: 700;\">Công dụng</span>&nbsp;:Đựng vừa sổ tay, điện thoại Iphone 11 ProMax, ví tiền, cáp sạc</p><hr style=\"margin: 0px 0px 10px; padding: 0px; font-family: SVN_Gotham, sans-serif; width: 570px; border-top-color: rgb(174, 176, 176); color: rgb(37, 42, 43); font-size: 13px; background-color: rgb(255, 255, 255);\"><p style=\"margin-right: 0px; margin-bottom: 10px; margin-left: 0px; padding: 0px; font-family: SVN_Gotham, sans-serif; line-height: 21px; color: rgb(37, 42, 43); font-size: 13px; background-color: rgb(255, 255, 255);\"><span style=\"margin: 0px; padding: 0px; font-weight: 700;\">Trọng lượng</span>&nbsp;: 298 grams</p><hr style=\"margin: 0px 0px 10px; padding: 0px; font-family: SVN_Gotham, sans-serif; width: 570px; border-top-color: rgb(174, 176, 176); color: rgb(37, 42, 43); font-size: 13px; background-color: rgb(255, 255, 255);\"><p style=\"margin-right: 0px; margin-bottom: 10px; margin-left: 0px; padding: 0px; font-family: SVN_Gotham, sans-serif; line-height: 21px; color: rgb(37, 42, 43); font-size: 13px; background-color: rgb(255, 255, 255);\"><span style=\"margin: 0px; padding: 0px; font-weight: 700;\">Chất liệu:</span>&nbsp;Da tổng hợp cao cấp (*)</p><hr style=\"margin: 0px 0px 10px; padding: 0px; font-family: SVN_Gotham, sans-serif; width: 570px; border-top-color: rgb(174, 176, 176); color: rgb(37, 42, 43); font-size: 13px; background-color: rgb(255, 255, 255);\"><p style=\"margin-right: 0px; margin-bottom: 10px; margin-left: 0px; padding: 0px; font-family: SVN_Gotham, sans-serif; line-height: 21px; color: rgb(37, 42, 43); font-size: 13px; background-color: rgb(255, 255, 255);\"><span style=\"margin: 0px; padding: 0px; font-weight: 700;\">Xuất xứ:</span>&nbsp;Việt Nam</p><p style=\"margin-right: 0px; margin-bottom: 10px; margin-left: 0px; padding: 0px; font-family: SVN_Gotham, sans-serif; line-height: 21px; color: rgb(37, 42, 43); font-size: 13px; background-color: rgb(255, 255, 255);\">(*) Chất liệu da tổng hợp cao cấp giúp sản phẩm luôn sáng bóng, chống thấm nước và bền bỉ, sử dụng lâu dài không bị bong tróc hay nổ da.</p>','product/avatar/tui-deo-cheo-3.JPG',17,'2021-03-12 15:53:48',NULL,NULL,NULL,1,'tui-eo-cheo-da-nam-lata-balc27bn-1615539227619',NULL,NULL),(61,'Balo Da Lata BAL39BD',711000.00,790000.00,'','<p style=\"margin-right: 0px; margin-bottom: 10px; margin-left: 0px; padding: 0px; font-family: SVN_Gotham, sans-serif; line-height: 21px; color: rgb(37, 42, 43); font-size: 13px; background-color: rgb(255, 255, 255);\"><a href=\"https://latashop.com/collections/vi-da-nu\" style=\"margin: 0px; padding: 0px; color: rgb(37, 42, 43); outline: none; transition: opacity 150ms linear 0s, color 150ms linear 0s, background 150ms linear 0s;\"><span style=\"margin: 0px; padding: 0px; font-weight: 700;\">Balo da Lata BAL39</span></a>&nbsp;được thiết kế đơn giản chỉ một tông màu cổ điển. Mặt trước có 1 ngăn tiện dụng và hai ngăn phụ hai bên, với quai xách và quai mang đều làm bằng da tổng hợp cao cấp, có độ đàn hồi nhât định, bền bỉ và không thấm nước. Ngoài ra mẫu balo này còn đựng vừa laptop tối đa 14 inch, rất thích hợp đi học, đi chơi, và đi làm.</p><p style=\"margin-right: 0px; margin-bottom: 10px; margin-left: 0px; padding: 0px; font-family: SVN_Gotham, sans-serif; line-height: 21px; color: rgb(37, 42, 43); font-size: 13px; background-color: rgb(255, 255, 255);\"><span style=\"margin: 0px; padding: 0px; font-weight: 700;\">THÔNG SỐ KỸ THUẬT:</span></p><hr style=\"margin: 0px 0px 10px; padding: 0px; font-family: SVN_Gotham, sans-serif; width: 570px; border-top-color: rgb(174, 176, 176); color: rgb(37, 42, 43); font-size: 13px; background-color: rgb(255, 255, 255);\"><p style=\"margin-right: 0px; margin-bottom: 10px; margin-left: 0px; padding: 0px; font-family: SVN_Gotham, sans-serif; line-height: 21px; color: rgb(37, 42, 43); font-size: 13px; background-color: rgb(255, 255, 255);\"><span style=\"margin: 0px; padding: 0px; font-weight: 700;\">- Kích thước:</span><span style=\"margin: 0px; padding: 0px;\">&nbsp;</span>Dài 28cm x Rộng 9cm x Cao 40cm</p><hr style=\"margin: 0px 0px 10px; padding: 0px; font-family: SVN_Gotham, sans-serif; width: 570px; border-top-color: rgb(174, 176, 176); color: rgb(37, 42, 43); font-size: 13px; background-color: rgb(255, 255, 255);\"><p style=\"margin-right: 0px; margin-bottom: 10px; margin-left: 0px; padding: 0px; font-family: SVN_Gotham, sans-serif; line-height: 21px; color: rgb(37, 42, 43); font-size: 13px; background-color: rgb(255, 255, 255);\"><span style=\"margin: 0px; padding: 0px; font-weight: 700;\">- Số ngăn:</span><span style=\"margin: 0px; padding: 0px;\">&nbsp;</span>7 ngăn ( 1 ngăn chính + 5 ngăn phụ + 1 ngăn laptop )</p><hr style=\"margin: 0px 0px 10px; padding: 0px; font-family: SVN_Gotham, sans-serif; width: 570px; border-top-color: rgb(174, 176, 176); color: rgb(37, 42, 43); font-size: 13px; background-color: rgb(255, 255, 255);\"><p style=\"margin-right: 0px; margin-bottom: 10px; margin-left: 0px; padding: 0px; font-family: SVN_Gotham, sans-serif; line-height: 21px; color: rgb(37, 42, 43); font-size: 13px; background-color: rgb(255, 255, 255);\"><span style=\"margin: 0px; padding: 0px; font-weight: 700;\">- Màu sắc:</span><span style=\"margin: 0px; padding: 0px;\">&nbsp;</span>Bò đậm, Bò nhạt, Nâu, Đen</p><hr style=\"margin: 0px 0px 10px; padding: 0px; font-family: SVN_Gotham, sans-serif; width: 570px; border-top-color: rgb(174, 176, 176); color: rgb(37, 42, 43); font-size: 13px; background-color: rgb(255, 255, 255);\"><p style=\"margin-right: 0px; margin-bottom: 10px; margin-left: 0px; padding: 0px; font-family: SVN_Gotham, sans-serif; line-height: 21px; color: rgb(37, 42, 43); font-size: 13px; background-color: rgb(255, 255, 255);\"><span style=\"margin: 0px; padding: 0px; font-weight: 700;\">- Trọng lượng:</span><span style=\"margin: 0px; padding: 0px;\">&nbsp;</span>1089g</p><hr style=\"margin: 0px 0px 10px; padding: 0px; font-family: SVN_Gotham, sans-serif; width: 570px; border-top-color: rgb(174, 176, 176); color: rgb(37, 42, 43); font-size: 13px; background-color: rgb(255, 255, 255);\"><p style=\"margin-right: 0px; margin-bottom: 10px; margin-left: 0px; padding: 0px; font-family: SVN_Gotham, sans-serif; line-height: 21px; color: rgb(37, 42, 43); font-size: 13px; background-color: rgb(255, 255, 255);\"><span style=\"margin: 0px; padding: 0px; font-weight: 700;\">- Xuất xứ:</span><span style=\"margin: 0px; padding: 0px;\">&nbsp;</span>Việt Nam</p><hr style=\"margin: 0px 0px 10px; padding: 0px; font-family: SVN_Gotham, sans-serif; width: 570px; border-top-color: rgb(174, 176, 176); color: rgb(37, 42, 43); font-size: 13px; background-color: rgb(255, 255, 255);\"><p style=\"margin-right: 0px; margin-bottom: 10px; margin-left: 0px; padding: 0px; font-family: SVN_Gotham, sans-serif; line-height: 21px; color: rgb(37, 42, 43); font-size: 13px; background-color: rgb(255, 255, 255);\"><span style=\"margin: 0px; padding: 0px; font-weight: 700;\">- Chất liệu:</span><span style=\"margin: 0px; padding: 0px;\">&nbsp;</span>Da tổng hợp cao cấp (*)</p><p style=\"margin-right: 0px; margin-bottom: 10px; margin-left: 0px; padding: 0px; font-family: SVN_Gotham, sans-serif; line-height: 21px; color: rgb(37, 42, 43); font-size: 13px; background-color: rgb(255, 255, 255);\">(*) Chất liệu da tổng hợp cao cấp, không bong tróc tự nhiên và không thấm nước. Lớp lót phía trong làm bằng vải nhung mềm mại. Balo thời trang BAL39 dễ bảo quản và có khả năng chống chịu tốt với môi trường khắc nghiệt.</p>','product/avatar/balo-1.JPG',18,'2021-03-12 15:53:56',NULL,NULL,NULL,1,'balo-da-lata-bal39bd-1615539236205',NULL,NULL),(62,'Balo Da Lata BAL39D',711000.00,790000.00,'','<p style=\"margin-right: 0px; margin-bottom: 10px; margin-left: 0px; padding: 0px; font-family: SVN_Gotham, sans-serif; line-height: 21px; color: rgb(37, 42, 43); font-size: 13px; background-color: rgb(255, 255, 255);\"><a href=\"https://latashop.com/collections/vi-da-nu\" style=\"margin: 0px; padding: 0px; color: rgb(37, 42, 43); outline: none; transition: opacity 150ms linear 0s, color 150ms linear 0s, background 150ms linear 0s;\"><span style=\"margin: 0px; padding: 0px; font-weight: 700;\">Balo da Lata BAL39</span></a>&nbsp;được thiết kế đơn giản chỉ một tông màu cổ điển. Mặt trước có 1 ngăn tiện dụng và hai ngăn phụ hai bên, với quai xách và quai mang đều làm bằng da tổng hợp cao cấp, có độ đàn hồi nhât định, bền bỉ và không thấm nước. Ngoài ra mẫu balo này còn đựng vừa laptop tối đa 14 inch, rất thích hợp đi học, đi chơi, và đi làm.</p><p style=\"margin-right: 0px; margin-bottom: 10px; margin-left: 0px; padding: 0px; font-family: SVN_Gotham, sans-serif; line-height: 21px; color: rgb(37, 42, 43); font-size: 13px; background-color: rgb(255, 255, 255);\"><span style=\"margin: 0px; padding: 0px; font-weight: 700;\">THÔNG SỐ KỸ THUẬT:</span></p><hr style=\"margin: 0px 0px 10px; padding: 0px; font-family: SVN_Gotham, sans-serif; width: 570px; border-top-color: rgb(174, 176, 176); color: rgb(37, 42, 43); font-size: 13px; background-color: rgb(255, 255, 255);\"><p style=\"margin-right: 0px; margin-bottom: 10px; margin-left: 0px; padding: 0px; font-family: SVN_Gotham, sans-serif; line-height: 21px; color: rgb(37, 42, 43); font-size: 13px; background-color: rgb(255, 255, 255);\"><span style=\"margin: 0px; padding: 0px; font-weight: 700;\">- Kích thước:</span><span style=\"margin: 0px; padding: 0px;\">&nbsp;</span>Dài 28cm x Rộng 9cm x Cao 40cm</p><hr style=\"margin: 0px 0px 10px; padding: 0px; font-family: SVN_Gotham, sans-serif; width: 570px; border-top-color: rgb(174, 176, 176); color: rgb(37, 42, 43); font-size: 13px; background-color: rgb(255, 255, 255);\"><p style=\"margin-right: 0px; margin-bottom: 10px; margin-left: 0px; padding: 0px; font-family: SVN_Gotham, sans-serif; line-height: 21px; color: rgb(37, 42, 43); font-size: 13px; background-color: rgb(255, 255, 255);\"><span style=\"margin: 0px; padding: 0px; font-weight: 700;\">- Số ngăn:</span><span style=\"margin: 0px; padding: 0px;\">&nbsp;</span>7 ngăn ( 1 ngăn chính + 5 ngăn phụ + 1 ngăn laptop )</p><hr style=\"margin: 0px 0px 10px; padding: 0px; font-family: SVN_Gotham, sans-serif; width: 570px; border-top-color: rgb(174, 176, 176); color: rgb(37, 42, 43); font-size: 13px; background-color: rgb(255, 255, 255);\"><p style=\"margin-right: 0px; margin-bottom: 10px; margin-left: 0px; padding: 0px; font-family: SVN_Gotham, sans-serif; line-height: 21px; color: rgb(37, 42, 43); font-size: 13px; background-color: rgb(255, 255, 255);\"><span style=\"margin: 0px; padding: 0px; font-weight: 700;\">- Màu sắc:</span><span style=\"margin: 0px; padding: 0px;\">&nbsp;</span>Bò đậm, Bò nhạt, Nâu, Đen</p><hr style=\"margin: 0px 0px 10px; padding: 0px; font-family: SVN_Gotham, sans-serif; width: 570px; border-top-color: rgb(174, 176, 176); color: rgb(37, 42, 43); font-size: 13px; background-color: rgb(255, 255, 255);\"><p style=\"margin-right: 0px; margin-bottom: 10px; margin-left: 0px; padding: 0px; font-family: SVN_Gotham, sans-serif; line-height: 21px; color: rgb(37, 42, 43); font-size: 13px; background-color: rgb(255, 255, 255);\"><span style=\"margin: 0px; padding: 0px; font-weight: 700;\">- Trọng lượng:</span><span style=\"margin: 0px; padding: 0px;\">&nbsp;</span>1089g</p><hr style=\"margin: 0px 0px 10px; padding: 0px; font-family: SVN_Gotham, sans-serif; width: 570px; border-top-color: rgb(174, 176, 176); color: rgb(37, 42, 43); font-size: 13px; background-color: rgb(255, 255, 255);\"><p style=\"margin-right: 0px; margin-bottom: 10px; margin-left: 0px; padding: 0px; font-family: SVN_Gotham, sans-serif; line-height: 21px; color: rgb(37, 42, 43); font-size: 13px; background-color: rgb(255, 255, 255);\"><span style=\"margin: 0px; padding: 0px; font-weight: 700;\">- Xuất xứ:</span><span style=\"margin: 0px; padding: 0px;\">&nbsp;</span>Việt Nam</p><hr style=\"margin: 0px 0px 10px; padding: 0px; font-family: SVN_Gotham, sans-serif; width: 570px; border-top-color: rgb(174, 176, 176); color: rgb(37, 42, 43); font-size: 13px; background-color: rgb(255, 255, 255);\"><p style=\"margin-right: 0px; margin-bottom: 10px; margin-left: 0px; padding: 0px; font-family: SVN_Gotham, sans-serif; line-height: 21px; color: rgb(37, 42, 43); font-size: 13px; background-color: rgb(255, 255, 255);\"><span style=\"margin: 0px; padding: 0px; font-weight: 700;\">- Chất liệu:</span><span style=\"margin: 0px; padding: 0px;\">&nbsp;</span>Da tổng hợp cao cấp (*)</p><p style=\"margin-right: 0px; margin-bottom: 10px; margin-left: 0px; padding: 0px; font-family: SVN_Gotham, sans-serif; line-height: 21px; color: rgb(37, 42, 43); font-size: 13px; background-color: rgb(255, 255, 255);\">(*) Chất liệu da tổng hợp cao cấp, không bong tróc tự nhiên và không thấm nước. Lớp lót phía trong làm bằng vải nhung mềm mại. Balo thời trang BAL39 dễ bảo quản và có khả năng chống chịu tốt với môi trường khắc nghiệt.</p>','product/avatar/balo-2.JPG',18,'2021-03-12 15:54:03',NULL,NULL,NULL,1,'balo-da-lata-bal39d-1615539242963',NULL,NULL),(63,'Balo Da Lata BAL39BN',711000.00,790000.00,'','<p style=\"margin-right: 0px; margin-bottom: 10px; margin-left: 0px; padding: 0px; font-family: SVN_Gotham, sans-serif; line-height: 21px; color: rgb(37, 42, 43); font-size: 13px; background-color: rgb(255, 255, 255);\"><a href=\"https://latashop.com/collections/vi-da-nu\" style=\"margin: 0px; padding: 0px; color: rgb(37, 42, 43); outline: none; transition: opacity 150ms linear 0s, color 150ms linear 0s, background 150ms linear 0s;\"><span style=\"margin: 0px; padding: 0px; font-weight: 700;\">Balo da Lata BAL39</span></a>&nbsp;được thiết kế đơn giản chỉ một tông màu cổ điển. Mặt trước có 1 ngăn tiện dụng và hai ngăn phụ hai bên, với quai xách và quai mang đều làm bằng da tổng hợp cao cấp, có độ đàn hồi nhât định, bền bỉ và không thấm nước. Ngoài ra mẫu balo này còn đựng vừa laptop tối đa 14 inch, rất thích hợp đi học, đi chơi, và đi làm.</p><p style=\"margin-right: 0px; margin-bottom: 10px; margin-left: 0px; padding: 0px; font-family: SVN_Gotham, sans-serif; line-height: 21px; color: rgb(37, 42, 43); font-size: 13px; background-color: rgb(255, 255, 255);\"><span style=\"margin: 0px; padding: 0px; font-weight: 700;\">THÔNG SỐ KỸ THUẬT:</span></p><hr style=\"margin: 0px 0px 10px; padding: 0px; font-family: SVN_Gotham, sans-serif; width: 570px; border-top-color: rgb(174, 176, 176); color: rgb(37, 42, 43); font-size: 13px; background-color: rgb(255, 255, 255);\"><p style=\"margin-right: 0px; margin-bottom: 10px; margin-left: 0px; padding: 0px; font-family: SVN_Gotham, sans-serif; line-height: 21px; color: rgb(37, 42, 43); font-size: 13px; background-color: rgb(255, 255, 255);\"><span style=\"margin: 0px; padding: 0px; font-weight: 700;\">- Kích thước:</span><span style=\"margin: 0px; padding: 0px;\">&nbsp;</span>Dài 28cm x Rộng 9cm x Cao 40cm</p><hr style=\"margin: 0px 0px 10px; padding: 0px; font-family: SVN_Gotham, sans-serif; width: 570px; border-top-color: rgb(174, 176, 176); color: rgb(37, 42, 43); font-size: 13px; background-color: rgb(255, 255, 255);\"><p style=\"margin-right: 0px; margin-bottom: 10px; margin-left: 0px; padding: 0px; font-family: SVN_Gotham, sans-serif; line-height: 21px; color: rgb(37, 42, 43); font-size: 13px; background-color: rgb(255, 255, 255);\"><span style=\"margin: 0px; padding: 0px; font-weight: 700;\">- Số ngăn:</span><span style=\"margin: 0px; padding: 0px;\">&nbsp;</span>7 ngăn ( 1 ngăn chính + 5 ngăn phụ + 1 ngăn laptop )</p><hr style=\"margin: 0px 0px 10px; padding: 0px; font-family: SVN_Gotham, sans-serif; width: 570px; border-top-color: rgb(174, 176, 176); color: rgb(37, 42, 43); font-size: 13px; background-color: rgb(255, 255, 255);\"><p style=\"margin-right: 0px; margin-bottom: 10px; margin-left: 0px; padding: 0px; font-family: SVN_Gotham, sans-serif; line-height: 21px; color: rgb(37, 42, 43); font-size: 13px; background-color: rgb(255, 255, 255);\"><span style=\"margin: 0px; padding: 0px; font-weight: 700;\">- Màu sắc:</span><span style=\"margin: 0px; padding: 0px;\">&nbsp;</span>Bò đậm, Bò nhạt, Nâu, Đen</p><hr style=\"margin: 0px 0px 10px; padding: 0px; font-family: SVN_Gotham, sans-serif; width: 570px; border-top-color: rgb(174, 176, 176); color: rgb(37, 42, 43); font-size: 13px; background-color: rgb(255, 255, 255);\"><p style=\"margin-right: 0px; margin-bottom: 10px; margin-left: 0px; padding: 0px; font-family: SVN_Gotham, sans-serif; line-height: 21px; color: rgb(37, 42, 43); font-size: 13px; background-color: rgb(255, 255, 255);\"><span style=\"margin: 0px; padding: 0px; font-weight: 700;\">- Trọng lượng:</span><span style=\"margin: 0px; padding: 0px;\">&nbsp;</span>1089g</p><hr style=\"margin: 0px 0px 10px; padding: 0px; font-family: SVN_Gotham, sans-serif; width: 570px; border-top-color: rgb(174, 176, 176); color: rgb(37, 42, 43); font-size: 13px; background-color: rgb(255, 255, 255);\"><p style=\"margin-right: 0px; margin-bottom: 10px; margin-left: 0px; padding: 0px; font-family: SVN_Gotham, sans-serif; line-height: 21px; color: rgb(37, 42, 43); font-size: 13px; background-color: rgb(255, 255, 255);\"><span style=\"margin: 0px; padding: 0px; font-weight: 700;\">- Xuất xứ:</span><span style=\"margin: 0px; padding: 0px;\">&nbsp;</span>Việt Nam</p><hr style=\"margin: 0px 0px 10px; padding: 0px; font-family: SVN_Gotham, sans-serif; width: 570px; border-top-color: rgb(174, 176, 176); color: rgb(37, 42, 43); font-size: 13px; background-color: rgb(255, 255, 255);\"><p style=\"margin-right: 0px; margin-bottom: 10px; margin-left: 0px; padding: 0px; font-family: SVN_Gotham, sans-serif; line-height: 21px; color: rgb(37, 42, 43); font-size: 13px; background-color: rgb(255, 255, 255);\"><span style=\"margin: 0px; padding: 0px; font-weight: 700;\">- Chất liệu:</span><span style=\"margin: 0px; padding: 0px;\">&nbsp;</span>Da tổng hợp cao cấp (*)</p><p style=\"margin-right: 0px; margin-bottom: 10px; margin-left: 0px; padding: 0px; font-family: SVN_Gotham, sans-serif; line-height: 21px; color: rgb(37, 42, 43); font-size: 13px; background-color: rgb(255, 255, 255);\">(*) Chất liệu da tổng hợp cao cấp, không bong tróc tự nhiên và không thấm nước. Lớp lót phía trong làm bằng vải nhung mềm mại. Balo thời trang BAL39 dễ bảo quản và có khả năng chống chịu tốt với môi trường khắc nghiệt.</p>','product/avatar/balo-3.JPG',18,'2021-03-12 15:54:09',NULL,NULL,NULL,1,'balo-da-lata-bal39bn-1615539249392',NULL,NULL),(64,'Balo Da Lata BAL39BN',711000.00,790000.00,'','<p style=\"margin-right: 0px; margin-bottom: 10px; margin-left: 0px; padding: 0px; font-family: SVN_Gotham, sans-serif; line-height: 21px; color: rgb(37, 42, 43); font-size: 13px; background-color: rgb(255, 255, 255);\"><a href=\"https://latashop.com/collections/vi-da-nu\" style=\"margin: 0px; padding: 0px; color: rgb(37, 42, 43); outline: none; transition: opacity 150ms linear 0s, color 150ms linear 0s, background 150ms linear 0s;\"><span style=\"margin: 0px; padding: 0px; font-weight: 700;\">Balo da Lata BAL39</span></a>&nbsp;được thiết kế đơn giản chỉ một tông màu cổ điển. Mặt trước có 1 ngăn tiện dụng và hai ngăn phụ hai bên, với quai xách và quai mang đều làm bằng da tổng hợp cao cấp, có độ đàn hồi nhât định, bền bỉ và không thấm nước. Ngoài ra mẫu balo này còn đựng vừa laptop tối đa 14 inch, rất thích hợp đi học, đi chơi, và đi làm.</p><p style=\"margin-right: 0px; margin-bottom: 10px; margin-left: 0px; padding: 0px; font-family: SVN_Gotham, sans-serif; line-height: 21px; color: rgb(37, 42, 43); font-size: 13px; background-color: rgb(255, 255, 255);\"><span style=\"margin: 0px; padding: 0px; font-weight: 700;\">THÔNG SỐ KỸ THUẬT:</span></p><hr style=\"margin: 0px 0px 10px; padding: 0px; font-family: SVN_Gotham, sans-serif; width: 570px; border-top-color: rgb(174, 176, 176); color: rgb(37, 42, 43); font-size: 13px; background-color: rgb(255, 255, 255);\"><p style=\"margin-right: 0px; margin-bottom: 10px; margin-left: 0px; padding: 0px; font-family: SVN_Gotham, sans-serif; line-height: 21px; color: rgb(37, 42, 43); font-size: 13px; background-color: rgb(255, 255, 255);\"><span style=\"margin: 0px; padding: 0px; font-weight: 700;\">- Kích thước:</span><span style=\"margin: 0px; padding: 0px;\">&nbsp;</span>Dài 28cm x Rộng 9cm x Cao 40cm</p><hr style=\"margin: 0px 0px 10px; padding: 0px; font-family: SVN_Gotham, sans-serif; width: 570px; border-top-color: rgb(174, 176, 176); color: rgb(37, 42, 43); font-size: 13px; background-color: rgb(255, 255, 255);\"><p style=\"margin-right: 0px; margin-bottom: 10px; margin-left: 0px; padding: 0px; font-family: SVN_Gotham, sans-serif; line-height: 21px; color: rgb(37, 42, 43); font-size: 13px; background-color: rgb(255, 255, 255);\"><span style=\"margin: 0px; padding: 0px; font-weight: 700;\">- Số ngăn:</span><span style=\"margin: 0px; padding: 0px;\">&nbsp;</span>7 ngăn ( 1 ngăn chính + 5 ngăn phụ + 1 ngăn laptop )</p><hr style=\"margin: 0px 0px 10px; padding: 0px; font-family: SVN_Gotham, sans-serif; width: 570px; border-top-color: rgb(174, 176, 176); color: rgb(37, 42, 43); font-size: 13px; background-color: rgb(255, 255, 255);\"><p style=\"margin-right: 0px; margin-bottom: 10px; margin-left: 0px; padding: 0px; font-family: SVN_Gotham, sans-serif; line-height: 21px; color: rgb(37, 42, 43); font-size: 13px; background-color: rgb(255, 255, 255);\"><span style=\"margin: 0px; padding: 0px; font-weight: 700;\">- Màu sắc:</span><span style=\"margin: 0px; padding: 0px;\">&nbsp;</span>Bò đậm, Bò nhạt, Nâu, Đen</p><hr style=\"margin: 0px 0px 10px; padding: 0px; font-family: SVN_Gotham, sans-serif; width: 570px; border-top-color: rgb(174, 176, 176); color: rgb(37, 42, 43); font-size: 13px; background-color: rgb(255, 255, 255);\"><p style=\"margin-right: 0px; margin-bottom: 10px; margin-left: 0px; padding: 0px; font-family: SVN_Gotham, sans-serif; line-height: 21px; color: rgb(37, 42, 43); font-size: 13px; background-color: rgb(255, 255, 255);\"><span style=\"margin: 0px; padding: 0px; font-weight: 700;\">- Trọng lượng:</span><span style=\"margin: 0px; padding: 0px;\">&nbsp;</span>1089g</p><hr style=\"margin: 0px 0px 10px; padding: 0px; font-family: SVN_Gotham, sans-serif; width: 570px; border-top-color: rgb(174, 176, 176); color: rgb(37, 42, 43); font-size: 13px; background-color: rgb(255, 255, 255);\"><p style=\"margin-right: 0px; margin-bottom: 10px; margin-left: 0px; padding: 0px; font-family: SVN_Gotham, sans-serif; line-height: 21px; color: rgb(37, 42, 43); font-size: 13px; background-color: rgb(255, 255, 255);\"><span style=\"margin: 0px; padding: 0px; font-weight: 700;\">- Xuất xứ:</span><span style=\"margin: 0px; padding: 0px;\">&nbsp;</span>Việt Nam</p><hr style=\"margin: 0px 0px 10px; padding: 0px; font-family: SVN_Gotham, sans-serif; width: 570px; border-top-color: rgb(174, 176, 176); color: rgb(37, 42, 43); font-size: 13px; background-color: rgb(255, 255, 255);\"><p style=\"margin-right: 0px; margin-bottom: 10px; margin-left: 0px; padding: 0px; font-family: SVN_Gotham, sans-serif; line-height: 21px; color: rgb(37, 42, 43); font-size: 13px; background-color: rgb(255, 255, 255);\"><span style=\"margin: 0px; padding: 0px; font-weight: 700;\">- Chất liệu:</span><span style=\"margin: 0px; padding: 0px;\">&nbsp;</span>Da tổng hợp cao cấp (*)</p><p style=\"margin-right: 0px; margin-bottom: 10px; margin-left: 0px; padding: 0px; font-family: SVN_Gotham, sans-serif; line-height: 21px; color: rgb(37, 42, 43); font-size: 13px; background-color: rgb(255, 255, 255);\">(*) Chất liệu da tổng hợp cao cấp, không bong tróc tự nhiên và không thấm nước. Lớp lót phía trong làm bằng vải nhung mềm mại. Balo thời trang BAL39 dễ bảo quản và có khả năng chống chịu tốt với môi trường khắc nghiệt.</p>','product/avatar/balo-3.JPG',18,'2021-03-12 15:54:23',NULL,NULL,NULL,1,'balo-da-lata-bal39bn-1615539263275',NULL,NULL),(65,'Ví Da Nam Lata LVN79D',530000.00,NULL,'','<p style=\"margin-right: 0px; margin-bottom: 10px; margin-left: 0px; padding: 0px; font-family: SVN_Gotham, sans-serif; line-height: 21px; color: rgb(37, 42, 43); font-size: 13px; background-color: rgb(255, 255, 255);\"><a href=\"https://latashop.com/collections/vi-da-nam\" style=\"margin: 0px; padding: 0px; color: rgb(37, 42, 43); outline: none; transition: opacity 150ms linear 0s, color 150ms linear 0s, background 150ms linear 0s;\"><span style=\"margin: 0px; padding: 0px; font-weight: 700;\">Ví da nam Lata LVN79</span></a>&nbsp;là một chiếc ví dạng đứng, đáp ứng đầy đủ yêu cầu về chất lượng, thời trang lại có giá thành vô cùng hợp lý. Ví đi kèm hộp đựng sang trọng và thẻ bảo hành 1 năm sử dụng. Chiếc ví sẽ là món quà tuyệt vời dành tặng cho những người đàn ông thành đạt, ở nó toát lên nét sang trọng, lịch lãm và vô cùng đẳng cấp.<br style=\"margin: 0px; padding: 0px;\"></p><p style=\"margin-right: 0px; margin-bottom: 10px; margin-left: 0px; padding: 0px; font-family: SVN_Gotham, sans-serif; line-height: 21px; color: rgb(37, 42, 43); font-size: 13px; background-color: rgb(255, 255, 255);\"><span style=\"margin: 0px; padding: 0px; font-weight: 700;\">THÔNG SỐ KỸ THUẬT:</span></p><p style=\"margin-right: 0px; margin-bottom: 10px; margin-left: 0px; padding: 0px; font-family: SVN_Gotham, sans-serif; line-height: 21px; color: rgb(37, 42, 43); font-size: 13px; background-color: rgb(255, 255, 255);\"><span style=\"margin: 0px; padding: 0px; font-weight: 700;\">- Chất liệu:</span>&nbsp;da bò thật (mềm mại , không bong tróc, độ bền cao )</p><hr style=\"margin: 0px 0px 10px; padding: 0px; font-family: SVN_Gotham, sans-serif; width: 570px; border-top-color: rgb(174, 176, 176); color: rgb(37, 42, 43); font-size: 13px; background-color: rgb(255, 255, 255);\"><p style=\"margin-right: 0px; margin-bottom: 10px; margin-left: 0px; padding: 0px; font-family: SVN_Gotham, sans-serif; line-height: 21px; color: rgb(37, 42, 43); font-size: 13px; background-color: rgb(255, 255, 255);\"><span style=\"margin: 0px; padding: 0px; font-weight: 700;\">- Kích thước:</span>&nbsp;&nbsp;- Gấp lại: Dài 8cm x Cao 10.5cm</p><p style=\"margin-right: 0px; margin-bottom: 10px; margin-left: 0px; padding: 0px; font-family: SVN_Gotham, sans-serif; line-height: 21px; color: rgb(37, 42, 43); font-size: 13px; background-color: rgb(255, 255, 255);\">&nbsp; &nbsp; &nbsp; &nbsp; &nbsp; &nbsp; &nbsp; &nbsp; &nbsp; &nbsp; &nbsp; &nbsp;- Mở ra: Dài 19.5cm x Rộng 2cm x Cao 12cm</p><p style=\"margin-right: 0px; margin-bottom: 10px; margin-left: 0px; padding: 0px; font-family: SVN_Gotham, sans-serif; line-height: 21px; color: rgb(37, 42, 43); font-size: 13px; background-color: rgb(255, 255, 255);\"><span style=\"margin: 0px; padding: 0px; font-weight: 700;\">- Trọng lượng:</span>&nbsp;92g</p><hr style=\"margin: 0px 0px 10px; padding: 0px; font-family: SVN_Gotham, sans-serif; width: 570px; border-top-color: rgb(174, 176, 176); color: rgb(37, 42, 43); font-size: 13px; background-color: rgb(255, 255, 255);\"><p style=\"margin-right: 0px; margin-bottom: 10px; margin-left: 0px; padding: 0px; font-family: SVN_Gotham, sans-serif; line-height: 21px; color: rgb(37, 42, 43); font-size: 13px; background-color: rgb(255, 255, 255);\"><span style=\"margin: 0px; padding: 0px; font-weight: 700;\">- Số ngăn:</span>&nbsp;12 ngăn ( 2 ngăn chính + 10 ngăn phụ )</p><hr style=\"margin: 0px 0px 10px; padding: 0px; font-family: SVN_Gotham, sans-serif; width: 570px; border-top-color: rgb(174, 176, 176); color: rgb(37, 42, 43); font-size: 13px; background-color: rgb(255, 255, 255);\"><p style=\"margin-right: 0px; margin-bottom: 10px; margin-left: 0px; padding: 0px; font-family: SVN_Gotham, sans-serif; line-height: 21px; color: rgb(37, 42, 43); font-size: 13px; background-color: rgb(255, 255, 255);\"><span style=\"margin: 0px; padding: 0px; font-weight: 700;\">- Màu sắc:&nbsp;</span>Màu Nâu – Màu Đen</p><hr style=\"margin: 0px 0px 10px; padding: 0px; font-family: SVN_Gotham, sans-serif; width: 570px; border-top-color: rgb(174, 176, 176); color: rgb(37, 42, 43); font-size: 13px; background-color: rgb(255, 255, 255);\"><p style=\"margin-right: 0px; margin-bottom: 10px; margin-left: 0px; padding: 0px; font-family: SVN_Gotham, sans-serif; line-height: 21px; color: rgb(37, 42, 43); font-size: 13px; background-color: rgb(255, 255, 255);\"><span style=\"margin: 0px; padding: 0px; font-weight: 700;\">- Công dụng:</span>&nbsp;ví phù hợp sử dụng đựng tiền, đựng thẻ khi đi chơi, đi làm, đi họp...</p><hr style=\"margin: 0px 0px 10px; padding: 0px; font-family: SVN_Gotham, sans-serif; width: 570px; border-top-color: rgb(174, 176, 176); color: rgb(37, 42, 43); font-size: 13px; background-color: rgb(255, 255, 255);\"><p style=\"margin-right: 0px; margin-bottom: 10px; margin-left: 0px; padding: 0px; font-family: SVN_Gotham, sans-serif; line-height: 21px; color: rgb(37, 42, 43); font-size: 13px; background-color: rgb(255, 255, 255);\"><span style=\"margin: 0px; padding: 0px; font-weight: 700;\">- Đựng vừa tối đa:</span>&nbsp;Ví đựng vừa 8 thẻ namecard, tiền và giấy tờ tùy thân</p><hr style=\"margin: 0px 0px 10px; padding: 0px; font-family: SVN_Gotham, sans-serif; width: 570px; border-top-color: rgb(174, 176, 176); color: rgb(37, 42, 43); font-size: 13px; background-color: rgb(255, 255, 255);\"><p style=\"margin-right: 0px; margin-bottom: 10px; margin-left: 0px; padding: 0px; font-family: SVN_Gotham, sans-serif; line-height: 21px; color: rgb(37, 42, 43); font-size: 13px; background-color: rgb(255, 255, 255);\"><span style=\"margin: 0px; padding: 0px; font-weight: 700;\">- Bảo Hành:</span>&nbsp;1 Năm</p><hr style=\"margin: 0px 0px 10px; padding: 0px; font-family: SVN_Gotham, sans-serif; width: 570px; border-top-color: rgb(174, 176, 176); color: rgb(37, 42, 43); font-size: 13px; background-color: rgb(255, 255, 255);\"><p style=\"margin-right: 0px; margin-bottom: 10px; margin-left: 0px; padding: 0px; font-family: SVN_Gotham, sans-serif; line-height: 21px; color: rgb(37, 42, 43); font-size: 13px; background-color: rgb(255, 255, 255);\"><span style=\"margin: 0px; padding: 0px; font-weight: 700;\">- Thương hiệu:</span>&nbsp;LATA</p><hr style=\"margin: 0px 0px 10px; padding: 0px; font-family: SVN_Gotham, sans-serif; width: 570px; border-top-color: rgb(174, 176, 176); color: rgb(37, 42, 43); font-size: 13px; background-color: rgb(255, 255, 255);\"><p style=\"margin-right: 0px; margin-bottom: 10px; margin-left: 0px; padding: 0px; font-family: SVN_Gotham, sans-serif; line-height: 21px; color: rgb(37, 42, 43); font-size: 13px; background-color: rgb(255, 255, 255);\"><span style=\"margin: 0px; padding: 0px; font-weight: 700;\">- Xuất xứ:</span>&nbsp;Made in Viet Nam</p><hr style=\"margin: 0px 0px 10px; padding: 0px; font-family: SVN_Gotham, sans-serif; width: 570px; border-top-color: rgb(174, 176, 176); color: rgb(37, 42, 43); font-size: 13px; background-color: rgb(255, 255, 255);\"><p style=\"margin-right: 0px; margin-bottom: 10px; margin-left: 0px; padding: 0px; font-family: SVN_Gotham, sans-serif; line-height: 21px; color: rgb(37, 42, 43); font-size: 13px; background-color: rgb(255, 255, 255);\"><span style=\"margin: 0px; padding: 0px; font-weight: 700;\">ĐẶC ĐIỂM NỐI BẬT:</span></p><p style=\"margin-right: 0px; margin-bottom: 10px; margin-left: 0px; padding: 0px; font-family: SVN_Gotham, sans-serif; line-height: 21px; color: rgb(37, 42, 43); font-size: 13px; background-color: rgb(255, 255, 255);\">- Da bò thật 100%</p><p style=\"margin-right: 0px; margin-bottom: 10px; margin-left: 0px; padding: 0px; font-family: SVN_Gotham, sans-serif; line-height: 21px; color: rgb(37, 42, 43); font-size: 13px; background-color: rgb(255, 255, 255);\">- Phụ kiện cao cấp</p><p style=\"margin-right: 0px; margin-bottom: 10px; margin-left: 0px; padding: 0px; font-family: SVN_Gotham, sans-serif; line-height: 21px; color: rgb(37, 42, 43); font-size: 13px; background-color: rgb(255, 255, 255);\">- Bền màu</p><p style=\"margin-right: 0px; margin-bottom: 10px; margin-left: 0px; padding: 0px; font-family: SVN_Gotham, sans-serif; line-height: 21px; color: rgb(37, 42, 43); font-size: 13px; background-color: rgb(255, 255, 255);\">- Ví không bong tróc tự nhiên</p><p style=\"margin-right: 0px; margin-bottom: 10px; margin-left: 0px; padding: 0px; font-family: SVN_Gotham, sans-serif; line-height: 21px; color: rgb(37, 42, 43); font-size: 13px; background-color: rgb(255, 255, 255);\">- Ngăn ví rộng rãi</p><p style=\"margin-right: 0px; margin-bottom: 10px; margin-left: 0px; padding: 0px; font-family: SVN_Gotham, sans-serif; line-height: 21px; color: rgb(37, 42, 43); font-size: 13px; background-color: rgb(255, 255, 255);\">- Ví đứng sang trọng</p>','product/avatar/vi-da-1.JPG',20,'2021-03-12 15:54:33',NULL,NULL,NULL,1,'vi-da-nam-lata-lvn79d-1615539273472',NULL,NULL),(66,'Ví Da Nam Lata LVN79N',530000.00,NULL,'','<p style=\"margin-right: 0px; margin-bottom: 10px; margin-left: 0px; padding: 0px; font-family: SVN_Gotham, sans-serif; line-height: 21px; color: rgb(37, 42, 43); font-size: 13px; background-color: rgb(255, 255, 255);\"><a href=\"https://latashop.com/collections/vi-da-nam\" style=\"margin: 0px; padding: 0px; color: rgb(37, 42, 43); outline: none; transition: opacity 150ms linear 0s, color 150ms linear 0s, background 150ms linear 0s;\"><span style=\"margin: 0px; padding: 0px; font-weight: 700;\">Ví da nam Lata LVN79</span></a>&nbsp;là một chiếc ví dạng đứng, đáp ứng đầy đủ yêu cầu về chất lượng, thời trang lại có giá thành vô cùng hợp lý. Ví đi kèm hộp đựng sang trọng và thẻ bảo hành 1 năm sử dụng. Chiếc ví sẽ là món quà tuyệt vời dành tặng cho những người đàn ông thành đạt, ở nó toát lên nét sang trọng, lịch lãm và vô cùng đẳng cấp.</p><p style=\"margin-right: 0px; margin-bottom: 10px; margin-left: 0px; padding: 0px; font-family: SVN_Gotham, sans-serif; line-height: 21px; color: rgb(37, 42, 43); font-size: 13px; background-color: rgb(255, 255, 255);\"><span style=\"margin: 0px; padding: 0px; font-weight: 700;\">THÔNG SỐ KỸ THUẬT:</span></p><p style=\"margin-right: 0px; margin-bottom: 10px; margin-left: 0px; padding: 0px; font-family: SVN_Gotham, sans-serif; line-height: 21px; color: rgb(37, 42, 43); font-size: 13px; background-color: rgb(255, 255, 255);\"><span style=\"margin: 0px; padding: 0px; font-weight: 700;\">- Chất liệu:</span>&nbsp;da bò thật (mềm mại , không bong tróc, độ bền cao )</p><hr style=\"margin: 0px 0px 10px; padding: 0px; font-family: SVN_Gotham, sans-serif; width: 570px; border-top-color: rgb(174, 176, 176); color: rgb(37, 42, 43); font-size: 13px; background-color: rgb(255, 255, 255);\"><p style=\"margin-right: 0px; margin-bottom: 10px; margin-left: 0px; padding: 0px; font-family: SVN_Gotham, sans-serif; line-height: 21px; color: rgb(37, 42, 43); font-size: 13px; background-color: rgb(255, 255, 255);\"><span style=\"margin: 0px; padding: 0px; font-weight: 700;\">- Kích thước:</span>&nbsp;&nbsp;- Gấp lại: Dài 8cm x Cao 10.5cm</p><p style=\"margin-right: 0px; margin-bottom: 10px; margin-left: 0px; padding: 0px; font-family: SVN_Gotham, sans-serif; line-height: 21px; color: rgb(37, 42, 43); font-size: 13px; background-color: rgb(255, 255, 255);\">&nbsp; &nbsp; &nbsp; &nbsp; &nbsp; &nbsp; &nbsp; &nbsp; &nbsp; &nbsp; &nbsp; &nbsp;- Mở ra: Dài 19.5cm x Rộng 2cm x Cao 12cm</p><p style=\"margin-right: 0px; margin-bottom: 10px; margin-left: 0px; padding: 0px; font-family: SVN_Gotham, sans-serif; line-height: 21px; color: rgb(37, 42, 43); font-size: 13px; background-color: rgb(255, 255, 255);\"><span style=\"margin: 0px; padding: 0px; font-weight: 700;\">- Trọng lượng:</span>&nbsp;92g</p><hr style=\"margin: 0px 0px 10px; padding: 0px; font-family: SVN_Gotham, sans-serif; width: 570px; border-top-color: rgb(174, 176, 176); color: rgb(37, 42, 43); font-size: 13px; background-color: rgb(255, 255, 255);\"><p style=\"margin-right: 0px; margin-bottom: 10px; margin-left: 0px; padding: 0px; font-family: SVN_Gotham, sans-serif; line-height: 21px; color: rgb(37, 42, 43); font-size: 13px; background-color: rgb(255, 255, 255);\"><span style=\"margin: 0px; padding: 0px; font-weight: 700;\">- Số ngăn:</span>&nbsp;12 ngăn ( 2 ngăn chính + 10 ngăn phụ )</p><hr style=\"margin: 0px 0px 10px; padding: 0px; font-family: SVN_Gotham, sans-serif; width: 570px; border-top-color: rgb(174, 176, 176); color: rgb(37, 42, 43); font-size: 13px; background-color: rgb(255, 255, 255);\"><p style=\"margin-right: 0px; margin-bottom: 10px; margin-left: 0px; padding: 0px; font-family: SVN_Gotham, sans-serif; line-height: 21px; color: rgb(37, 42, 43); font-size: 13px; background-color: rgb(255, 255, 255);\"><span style=\"margin: 0px; padding: 0px; font-weight: 700;\">- Màu sắc:&nbsp;</span>Màu Nâu – Màu Đen</p><hr style=\"margin: 0px 0px 10px; padding: 0px; font-family: SVN_Gotham, sans-serif; width: 570px; border-top-color: rgb(174, 176, 176); color: rgb(37, 42, 43); font-size: 13px; background-color: rgb(255, 255, 255);\"><p style=\"margin-right: 0px; margin-bottom: 10px; margin-left: 0px; padding: 0px; font-family: SVN_Gotham, sans-serif; line-height: 21px; color: rgb(37, 42, 43); font-size: 13px; background-color: rgb(255, 255, 255);\"><span style=\"margin: 0px; padding: 0px; font-weight: 700;\">- Công dụng:</span>&nbsp;ví phù hợp sử dụng đựng tiền, đựng thẻ khi đi chơi, đi làm, đi họp...</p><hr style=\"margin: 0px 0px 10px; padding: 0px; font-family: SVN_Gotham, sans-serif; width: 570px; border-top-color: rgb(174, 176, 176); color: rgb(37, 42, 43); font-size: 13px; background-color: rgb(255, 255, 255);\"><p style=\"margin-right: 0px; margin-bottom: 10px; margin-left: 0px; padding: 0px; font-family: SVN_Gotham, sans-serif; line-height: 21px; color: rgb(37, 42, 43); font-size: 13px; background-color: rgb(255, 255, 255);\"><span style=\"margin: 0px; padding: 0px; font-weight: 700;\">- Đựng vừa tối đa:</span>&nbsp;Ví đựng vừa 8 thẻ namecard, tiền và giấy tờ tùy thân</p><hr style=\"margin: 0px 0px 10px; padding: 0px; font-family: SVN_Gotham, sans-serif; width: 570px; border-top-color: rgb(174, 176, 176); color: rgb(37, 42, 43); font-size: 13px; background-color: rgb(255, 255, 255);\"><p style=\"margin-right: 0px; margin-bottom: 10px; margin-left: 0px; padding: 0px; font-family: SVN_Gotham, sans-serif; line-height: 21px; color: rgb(37, 42, 43); font-size: 13px; background-color: rgb(255, 255, 255);\"><span style=\"margin: 0px; padding: 0px; font-weight: 700;\">- Bảo Hành:</span>&nbsp;1 Năm</p><hr style=\"margin: 0px 0px 10px; padding: 0px; font-family: SVN_Gotham, sans-serif; width: 570px; border-top-color: rgb(174, 176, 176); color: rgb(37, 42, 43); font-size: 13px; background-color: rgb(255, 255, 255);\"><p style=\"margin-right: 0px; margin-bottom: 10px; margin-left: 0px; padding: 0px; font-family: SVN_Gotham, sans-serif; line-height: 21px; color: rgb(37, 42, 43); font-size: 13px; background-color: rgb(255, 255, 255);\"><span style=\"margin: 0px; padding: 0px; font-weight: 700;\">- Thương hiệu:</span>&nbsp;LATA</p><hr style=\"margin: 0px 0px 10px; padding: 0px; font-family: SVN_Gotham, sans-serif; width: 570px; border-top-color: rgb(174, 176, 176); color: rgb(37, 42, 43); font-size: 13px; background-color: rgb(255, 255, 255);\"><p style=\"margin-right: 0px; margin-bottom: 10px; margin-left: 0px; padding: 0px; font-family: SVN_Gotham, sans-serif; line-height: 21px; color: rgb(37, 42, 43); font-size: 13px; background-color: rgb(255, 255, 255);\"><span style=\"margin: 0px; padding: 0px; font-weight: 700;\">- Xuất xứ:</span>&nbsp;Made in Viet Nam</p><hr style=\"margin: 0px 0px 10px; padding: 0px; font-family: SVN_Gotham, sans-serif; width: 570px; border-top-color: rgb(174, 176, 176); color: rgb(37, 42, 43); font-size: 13px; background-color: rgb(255, 255, 255);\"><p style=\"margin-right: 0px; margin-bottom: 10px; margin-left: 0px; padding: 0px; font-family: SVN_Gotham, sans-serif; line-height: 21px; color: rgb(37, 42, 43); font-size: 13px; background-color: rgb(255, 255, 255);\"><span style=\"margin: 0px; padding: 0px; font-weight: 700;\">ĐẶC ĐIỂM NỐI BẬT:</span></p><p style=\"margin-right: 0px; margin-bottom: 10px; margin-left: 0px; padding: 0px; font-family: SVN_Gotham, sans-serif; line-height: 21px; color: rgb(37, 42, 43); font-size: 13px; background-color: rgb(255, 255, 255);\">- Da bò thật 100%</p><p style=\"margin-right: 0px; margin-bottom: 10px; margin-left: 0px; padding: 0px; font-family: SVN_Gotham, sans-serif; line-height: 21px; color: rgb(37, 42, 43); font-size: 13px; background-color: rgb(255, 255, 255);\">- Phụ kiện cao cấp</p><p style=\"margin-right: 0px; margin-bottom: 10px; margin-left: 0px; padding: 0px; font-family: SVN_Gotham, sans-serif; line-height: 21px; color: rgb(37, 42, 43); font-size: 13px; background-color: rgb(255, 255, 255);\">- Bền màu</p><p style=\"margin-right: 0px; margin-bottom: 10px; margin-left: 0px; padding: 0px; font-family: SVN_Gotham, sans-serif; line-height: 21px; color: rgb(37, 42, 43); font-size: 13px; background-color: rgb(255, 255, 255);\">- Ví không bong tróc tự nhiên</p><p style=\"margin-right: 0px; margin-bottom: 10px; margin-left: 0px; padding: 0px; font-family: SVN_Gotham, sans-serif; line-height: 21px; color: rgb(37, 42, 43); font-size: 13px; background-color: rgb(255, 255, 255);\">- Ngăn ví rộng rãi</p><p style=\"margin-right: 0px; margin-bottom: 10px; margin-left: 0px; padding: 0px; font-family: SVN_Gotham, sans-serif; line-height: 21px; color: rgb(37, 42, 43); font-size: 13px; background-color: rgb(255, 255, 255);\">- Ví đứng sang trọng</p>','product/avatar/vi-da-2.JPG',20,'2021-03-12 15:54:43',NULL,NULL,NULL,1,'vi-da-nam-lata-lvn79n-1615539282746',NULL,NULL),(67,'Cặp Da Công Sở Lata CA32N',720000.00,NULL,'','<p style=\"margin-right: 0px; margin-bottom: 10px; margin-left: 0px; padding: 0px; font-family: SVN_Gotham, sans-serif; line-height: 21px; color: rgb(37, 42, 43); font-size: 13px; background-color: rgb(255, 255, 255);\"><a href=\"https://latashop.com/collections/cap-da-cong-so\" style=\"margin: 0px; padding: 0px; color: rgb(37, 42, 43); outline: none; transition: opacity 150ms linear 0s, color 150ms linear 0s, background 150ms linear 0s;\"><span style=\"margin: 0px; padding: 0px; font-weight: 700;\">Cặp da công sở Lata CA32N</span></a>&nbsp;màu nâu lịch lãm, sang trọng. Cùng với thiết kế đơn giản. Phôm, dáng chắc chắn, có thể đựng vừa laptop tối đa 14inch, cùng nhiều hồ sơ, tài liệu. Phía trước còn có ngăn đựng rộng rãi giúp các bạn có thể chia ngăn đựng đồ một cách hợp lý và quay xách có thể tháo rời, sẽ rất an toàn và tiện dụng cho người dùng.</p><p style=\"margin-right: 0px; margin-bottom: 10px; margin-left: 0px; padding: 0px; font-family: SVN_Gotham, sans-serif; line-height: 21px; color: rgb(37, 42, 43); font-size: 13px; background-color: rgb(255, 255, 255);\"><span style=\"margin: 0px; padding: 0px; font-weight: 700;\">THÔNG SỐ KỸ THUẬT:</span></p><p style=\"margin-right: 0px; margin-bottom: 10px; margin-left: 0px; padding: 0px; font-family: SVN_Gotham, sans-serif; line-height: 21px; color: rgb(37, 42, 43); font-size: 13px; background-color: rgb(255, 255, 255);\"><span style=\"margin: 0px; padding: 0px; font-weight: 700;\">Kích thước</span>: Dài 37cm x Rộng 6.5cm x Cao 27cm</p><hr style=\"margin: 0px 0px 10px; padding: 0px; font-family: SVN_Gotham, sans-serif; width: 570px; border-top-color: rgb(174, 176, 176); color: rgb(37, 42, 43); font-size: 13px; background-color: rgb(255, 255, 255);\"><p style=\"margin-right: 0px; margin-bottom: 10px; margin-left: 0px; padding: 0px; font-family: SVN_Gotham, sans-serif; line-height: 21px; color: rgb(37, 42, 43); font-size: 13px; background-color: rgb(255, 255, 255);\"><span style=\"margin: 0px; padding: 0px; font-weight: 700;\">Số ngăn</span>: 9 ( 1 ngăn chính + 1 ngăn laptop + 7 ngăn phụ )</p><hr style=\"margin: 0px 0px 10px; padding: 0px; font-family: SVN_Gotham, sans-serif; width: 570px; border-top-color: rgb(174, 176, 176); color: rgb(37, 42, 43); font-size: 13px; background-color: rgb(255, 255, 255);\"><p style=\"margin-right: 0px; margin-bottom: 10px; margin-left: 0px; padding: 0px; font-family: SVN_Gotham, sans-serif; line-height: 21px; color: rgb(37, 42, 43); font-size: 13px; background-color: rgb(255, 255, 255);\"><span style=\"margin: 0px; padding: 0px; font-weight: 700;\">Công dụng</span>: Đựng vừa laptop 14inch, giấy A4 và bìa hồ sơ....</p><hr style=\"margin: 0px 0px 10px; padding: 0px; font-family: SVN_Gotham, sans-serif; width: 570px; border-top-color: rgb(174, 176, 176); color: rgb(37, 42, 43); font-size: 13px; background-color: rgb(255, 255, 255);\"><p style=\"margin-right: 0px; margin-bottom: 10px; margin-left: 0px; padding: 0px; font-family: SVN_Gotham, sans-serif; line-height: 21px; color: rgb(37, 42, 43); font-size: 13px; background-color: rgb(255, 255, 255);\"><span style=\"margin: 0px; padding: 0px; font-weight: 700;\">Chất liệu:</span>&nbsp;Da tổng hợp cao cấp (*)</p><hr style=\"margin: 0px 0px 10px; padding: 0px; font-family: SVN_Gotham, sans-serif; width: 570px; border-top-color: rgb(174, 176, 176); color: rgb(37, 42, 43); font-size: 13px; background-color: rgb(255, 255, 255);\"><p style=\"margin-right: 0px; margin-bottom: 10px; margin-left: 0px; padding: 0px; font-family: SVN_Gotham, sans-serif; line-height: 21px; color: rgb(37, 42, 43); font-size: 13px; background-color: rgb(255, 255, 255);\"><span style=\"margin: 0px; padding: 0px; font-weight: 700;\">Trọng lượng</span>&nbsp;: 1417g</p><hr style=\"margin: 0px 0px 10px; padding: 0px; font-family: SVN_Gotham, sans-serif; width: 570px; border-top-color: rgb(174, 176, 176); color: rgb(37, 42, 43); font-size: 13px; background-color: rgb(255, 255, 255);\"><p style=\"margin-right: 0px; margin-bottom: 10px; margin-left: 0px; padding: 0px; font-family: SVN_Gotham, sans-serif; line-height: 21px; color: rgb(37, 42, 43); font-size: 13px; background-color: rgb(255, 255, 255);\"><span style=\"margin: 0px; padding: 0px; font-weight: 700;\">Xuất xứ:</span><span style=\"margin: 0px; padding: 0px;\">&nbsp;</span>Việt Nam</p><p style=\"margin-right: 0px; margin-bottom: 10px; margin-left: 0px; padding: 0px; font-family: SVN_Gotham, sans-serif; line-height: 21px; color: rgb(37, 42, 43); font-size: 13px; background-color: rgb(255, 255, 255);\"><span style=\"margin: 0px; padding: 0px;\">(*) Sản phẩm sử dụng chất liệu da tổng hợp cao cấp giúp chống thấm nước tốt, dễ lau chùi. Sử dụng lâu dài không bị bong tróc hay nổ da, đảm bảo chất lượng sản phẩm luôn bền bỉ. Lớp lót nhung bên trong giúp bảo quản đồ đạc tốt hơn.</span></p>','product/avatar/cap-da-1.JPG',19,'2021-03-12 15:54:52',NULL,NULL,NULL,1,'cap-da-cong-so-lata-ca32n-1615539292452',NULL,NULL),(69,'Cặp Da Công Sở Lata CA32D',719978.00,NULL,'','<p style=\"margin-right: 0px; margin-bottom: 10px; margin-left: 0px; padding: 0px; font-family: SVN_Gotham, sans-serif; line-height: 21px; color: rgb(37, 42, 43); font-size: 13px; background-color: rgb(255, 255, 255);\"><a href=\"https://latashop.com/collections/cap-da-cong-so\" style=\"margin: 0px; padding: 0px; color: rgb(37, 42, 43); outline: none; transition: opacity 150ms linear 0s, color 150ms linear 0s, background 150ms linear 0s;\"><span style=\"margin: 0px; padding: 0px; font-weight: 700;\">Cặp da công sở Lata CA32D</span></a>&nbsp;màu đen sang trọng dể phối đồ. Cùng với thiết kế đơn giản. Phôm, dáng chắc chắn, có thể đựng vừa laptop tối đa 14inch, cùng nhiều hồ sơ, tài liệu. Phía trước còn có ngăn đựng rộng rãi giúp các bạn có thể chia ngăn đựng đồ một cách hợp lý và quay xách có thể tháo rời, sẽ rất an toàn và tiện dụng cho người dùng.</p><p style=\"margin-right: 0px; margin-bottom: 10px; margin-left: 0px; padding: 0px; font-family: SVN_Gotham, sans-serif; line-height: 21px; color: rgb(37, 42, 43); font-size: 13px; background-color: rgb(255, 255, 255);\"><span style=\"margin: 0px; padding: 0px; font-weight: 700;\">THÔNG SỐ KỸ THUẬT:</span></p><p style=\"margin-right: 0px; margin-bottom: 10px; margin-left: 0px; padding: 0px; font-family: SVN_Gotham, sans-serif; line-height: 21px; color: rgb(37, 42, 43); font-size: 13px; background-color: rgb(255, 255, 255);\"><span style=\"margin: 0px; padding: 0px; font-weight: 700;\">Kích thước</span>: Dài 37cm x Rộng 6.5cm x Cao 27cm</p><hr style=\"margin: 0px 0px 10px; padding: 0px; font-family: SVN_Gotham, sans-serif; width: 570px; border-top-color: rgb(174, 176, 176); color: rgb(37, 42, 43); font-size: 13px; background-color: rgb(255, 255, 255);\"><p style=\"margin-right: 0px; margin-bottom: 10px; margin-left: 0px; padding: 0px; font-family: SVN_Gotham, sans-serif; line-height: 21px; color: rgb(37, 42, 43); font-size: 13px; background-color: rgb(255, 255, 255);\"><span style=\"margin: 0px; padding: 0px; font-weight: 700;\">Số ngăn</span>: 9 ( 1 ngăn chính + 1 ngăn laptop + 7 ngăn phụ )</p><hr style=\"margin: 0px 0px 10px; padding: 0px; font-family: SVN_Gotham, sans-serif; width: 570px; border-top-color: rgb(174, 176, 176); color: rgb(37, 42, 43); font-size: 13px; background-color: rgb(255, 255, 255);\"><p style=\"margin-right: 0px; margin-bottom: 10px; margin-left: 0px; padding: 0px; font-family: SVN_Gotham, sans-serif; line-height: 21px; color: rgb(37, 42, 43); font-size: 13px; background-color: rgb(255, 255, 255);\"><span style=\"margin: 0px; padding: 0px; font-weight: 700;\">Công dụng</span>: Đựng vừa laptop 14inch, giấy A4 và bìa hồ sơ....</p><hr style=\"margin: 0px 0px 10px; padding: 0px; font-family: SVN_Gotham, sans-serif; width: 570px; border-top-color: rgb(174, 176, 176); color: rgb(37, 42, 43); font-size: 13px; background-color: rgb(255, 255, 255);\"><p style=\"margin-right: 0px; margin-bottom: 10px; margin-left: 0px; padding: 0px; font-family: SVN_Gotham, sans-serif; line-height: 21px; color: rgb(37, 42, 43); font-size: 13px; background-color: rgb(255, 255, 255);\"><span style=\"margin: 0px; padding: 0px; font-weight: 700;\">Chất liệu:</span>&nbsp;Da tổng hợp cao cấp (*)</p><hr style=\"margin: 0px 0px 10px; padding: 0px; font-family: SVN_Gotham, sans-serif; width: 570px; border-top-color: rgb(174, 176, 176); color: rgb(37, 42, 43); font-size: 13px; background-color: rgb(255, 255, 255);\"><p style=\"margin-right: 0px; margin-bottom: 10px; margin-left: 0px; padding: 0px; font-family: SVN_Gotham, sans-serif; line-height: 21px; color: rgb(37, 42, 43); font-size: 13px; background-color: rgb(255, 255, 255);\"><span style=\"margin: 0px; padding: 0px; font-weight: 700;\">Trọng lượng</span>&nbsp;: 1417g</p><hr style=\"margin: 0px 0px 10px; padding: 0px; font-family: SVN_Gotham, sans-serif; width: 570px; border-top-color: rgb(174, 176, 176); color: rgb(37, 42, 43); font-size: 13px; background-color: rgb(255, 255, 255);\"><p style=\"margin-right: 0px; margin-bottom: 10px; margin-left: 0px; padding: 0px; font-family: SVN_Gotham, sans-serif; line-height: 21px; color: rgb(37, 42, 43); font-size: 13px; background-color: rgb(255, 255, 255);\"><span style=\"margin: 0px; padding: 0px; font-weight: 700;\">Xuất xứ:</span><span style=\"margin: 0px; padding: 0px;\">&nbsp;</span>Việt Nam</p><p style=\"margin-right: 0px; margin-bottom: 10px; margin-left: 0px; padding: 0px; font-family: SVN_Gotham, sans-serif; line-height: 21px; color: rgb(37, 42, 43); font-size: 13px; background-color: rgb(255, 255, 255);\"><span style=\"margin: 0px; padding: 0px;\">(*) Sản phẩm sử dụng chất liệu da tổng hợp cao cấp giúp chống thấm nước tốt, dễ lau chùi. Sử dụng lâu dài không bị bong tróc hay nổ da, đảm bảo chất lượng sản phẩm luôn bền bỉ. Lớp lót nhung bên trong giúp bảo quản đồ đạc tốt hơn.</span></p>','product/avatar/cap-da-3.JPG',19,'2021-03-04 00:10:55',NULL,NULL,NULL,0,'',NULL,NULL),(71,'Dây da bê EPSOME PHÁP X001',520000.00,NULL,'','','product/avatar/day_da_be_epsome_2.jpg',23,'2021-04-04 17:51:16','2021-04-06 01:17:06',NULL,NULL,1,'day-da-be-epsome-phap-x001-1617646626190','Xanh biển cả','Da bê zermat'),(72,'Dây da bê EPSOME PHÁP V001',500000.00,NULL,'<div dir=\"auto\" style=\"font-family: &quot;Segoe UI Historic&quot;, &quot;Segoe UI&quot;, Helvetica, Arial, sans-serif; color: rgb(5, 5, 5); font-size: 15px; white-space: pre-wrap; background-color: rgb(255, 255, 255);\">DA BÊ EPSOME ĐẸP BỀN BẤT CHẤP THỜI GIAN </div><div dir=\"auto\" style=\"font-family: &quot;Segoe UI Historic&quot;, &quot;Segoe UI&quot;, Helvetica, Arial, sans-serif; color: rgb(5, 5, 5); font-size: 15px; white-space: pre-wrap; background-color: rgb(255, 255, 255);\">Bảo hành dây da 1 năm cho khách hàng. Tự tin khẳng định bởi chất da nhập khẩu và da thật 100% </div>','<div dir=\"auto\" style=\"font-family: &quot;Segoe UI Historic&quot;, &quot;Segoe UI&quot;, Helvetica, Arial, sans-serif; color: rgb(5, 5, 5); font-size: 15px; white-space: pre-wrap; background-color: rgb(255, 255, 255);\"><span class=\"pq6dq46d tbxw36s4 knj5qynh kvgmc6g5 ditlmg2l oygrvhab nvdbi5me sf5mxxl7 gl3lb2sf hhz5lgdu\" style=\"margin: 0px 1px; height: 16px; width: 16px; display: inline-flex; vertical-align: middle; font-family: inherit;\"><img height=\"16\" width=\"16\" alt=\"?\" referrerpolicy=\"origin-when-cross-origin\" src=\"https://static.xx.fbcdn.net/images/emoji.php/v9/te0/1/16/1f31f.png\" style=\"border: 0px;\"></span> Khâu tay thủ công bền bỉ </div><div dir=\"auto\" style=\"font-family: &quot;Segoe UI Historic&quot;, &quot;Segoe UI&quot;, Helvetica, Arial, sans-serif; color: rgb(5, 5, 5); font-size: 15px; white-space: pre-wrap; background-color: rgb(255, 255, 255);\"><span class=\"pq6dq46d tbxw36s4 knj5qynh kvgmc6g5 ditlmg2l oygrvhab nvdbi5me sf5mxxl7 gl3lb2sf hhz5lgdu\" style=\"margin: 0px 1px; height: 16px; width: 16px; display: inline-flex; vertical-align: middle; font-family: inherit;\"><img height=\"16\" width=\"16\" alt=\"?\" referrerpolicy=\"origin-when-cross-origin\" src=\"https://static.xx.fbcdn.net/images/emoji.php/v9/te0/1/16/1f31f.png\" style=\"border: 0px;\"></span> Da lót da bê zermat chống thấm mồ hôi</div><div dir=\"auto\" style=\"font-family: &quot;Segoe UI Historic&quot;, &quot;Segoe UI&quot;, Helvetica, Arial, sans-serif; color: rgb(5, 5, 5); font-size: 15px; white-space: pre-wrap; background-color: rgb(255, 255, 255);\"><span class=\"pq6dq46d tbxw36s4 knj5qynh kvgmc6g5 ditlmg2l oygrvhab nvdbi5me sf5mxxl7 gl3lb2sf hhz5lgdu\" style=\"margin: 0px 1px; height: 16px; width: 16px; display: inline-flex; vertical-align: middle; font-family: inherit;\"><img height=\"16\" width=\"16\" alt=\"?\" referrerpolicy=\"origin-when-cross-origin\" src=\"https://static.xx.fbcdn.net/images/emoji.php/v9/te0/1/16/1f31f.png\" style=\"border: 0px;\"></span> Adapter và khóa có màu đen, bạc, vàng hồng theo màu máy</div><div dir=\"auto\" style=\"font-family: &quot;Segoe UI Historic&quot;, &quot;Segoe UI&quot;, Helvetica, Arial, sans-serif; color: rgb(5, 5, 5); font-size: 15px; white-space: pre-wrap; background-color: rgb(255, 255, 255);\">+ Size 22-18 cho case apple watch 38,40</div><div dir=\"auto\" style=\"font-family: &quot;Segoe UI Historic&quot;, &quot;Segoe UI&quot;, Helvetica, Arial, sans-serif; color: rgb(5, 5, 5); font-size: 15px; white-space: pre-wrap; background-color: rgb(255, 255, 255);\">+ Size 24-20 cho case apple watch 42,44 </div><div dir=\"auto\" style=\"font-family: &quot;Segoe UI Historic&quot;, &quot;Segoe UI&quot;, Helvetica, Arial, sans-serif; color: rgb(5, 5, 5); font-size: 15px; white-space: pre-wrap; background-color: rgb(255, 255, 255);\"><span class=\"pq6dq46d tbxw36s4 knj5qynh kvgmc6g5 ditlmg2l oygrvhab nvdbi5me sf5mxxl7 gl3lb2sf hhz5lgdu\" style=\"margin: 0px 1px; height: 16px; width: 16px; display: inline-flex; vertical-align: middle; font-family: inherit;\"><img height=\"16\" width=\"16\" alt=\"?\" referrerpolicy=\"origin-when-cross-origin\" src=\"https://static.xx.fbcdn.net/images/emoji.php/v9/t51/1/16/1f449.png\" style=\"border: 0px;\"></span> có điều chỉnh độ dài dây theo kích thước cổ tay</div>','product/avatar/day_da_be_epsome_1.jpg',23,'2021-03-31 14:58:34','2021-04-06 01:17:34',NULL,NULL,1,'day-da-be-epsome-phap-v001-1617646654076','Vàng hoàng gia','Da bê zermat'),(73,'Xanh Corban màu sáng',510000.00,NULL,'<div dir=\"auto\" style=\"font-family: &quot;Segoe UI Historic&quot;, &quot;Segoe UI&quot;, Helvetica, Arial, sans-serif; color: rgb(5, 5, 5); font-size: 15px; white-space: pre-wrap; background-color: rgb(255, 255, 255);\"><span class=\"pq6dq46d tbxw36s4 knj5qynh kvgmc6g5 ditlmg2l oygrvhab nvdbi5me sf5mxxl7 gl3lb2sf hhz5lgdu\" style=\"margin: 0px 1px; height: 16px; width: 16px; display: inline-flex; vertical-align: middle; font-family: inherit;\"><img height=\"16\" width=\"16\" alt=\"?️\" referrerpolicy=\"origin-when-cross-origin\" src=\"https://static.xx.fbcdn.net/images/emoji.php/v9/t6b/1/16/1f575.png\" style=\"border: 0px;\"></span>Dây da SWIFT H.E.R.M.E.S cho Apple_Watch<span class=\"pq6dq46d tbxw36s4 knj5qynh kvgmc6g5 ditlmg2l oygrvhab nvdbi5me sf5mxxl7 gl3lb2sf hhz5lgdu\" style=\"margin: 0px 1px; height: 16px; width: 16px; display: inline-flex; vertical-align: middle; font-family: inherit;\"><img height=\"16\" width=\"16\" alt=\"⌚️\" referrerpolicy=\"origin-when-cross-origin\" src=\"https://static.xx.fbcdn.net/images/emoji.php/v9/tfa/1/16/231a.png\" style=\"border: 0px;\"></span></div><div dir=\"auto\" style=\"font-family: &quot;Segoe UI Historic&quot;, &quot;Segoe UI&quot;, Helvetica, Arial, sans-serif; color: rgb(5, 5, 5); font-size: 15px; white-space: pre-wrap; background-color: rgb(255, 255, 255);\"><span class=\"pq6dq46d tbxw36s4 knj5qynh kvgmc6g5 ditlmg2l oygrvhab nvdbi5me sf5mxxl7 gl3lb2sf hhz5lgdu\" style=\"margin: 0px 1px; height: 16px; width: 16px; display: inline-flex; vertical-align: middle; font-family: inherit;\"><img height=\"16\" width=\"16\" alt=\"✈\" referrerpolicy=\"origin-when-cross-origin\" src=\"https://static.xx.fbcdn.net/images/emoji.php/v9/tb6/1/16/2708.png\" style=\"border: 0px;\"></span>DA THẬT nhập khẩu từ PHÁP</div><div dir=\"auto\" style=\"font-family: &quot;Segoe UI Historic&quot;, &quot;Segoe UI&quot;, Helvetica, Arial, sans-serif; color: rgb(5, 5, 5); font-size: 15px; white-space: pre-wrap; background-color: rgb(255, 255, 255);\"><span class=\"pq6dq46d tbxw36s4 knj5qynh kvgmc6g5 ditlmg2l oygrvhab nvdbi5me sf5mxxl7 gl3lb2sf hhz5lgdu\" style=\"margin: 0px 1px; height: 16px; width: 16px; display: inline-flex; vertical-align: middle; font-family: inherit;\"><img height=\"16\" width=\"16\" alt=\"✊\" referrerpolicy=\"origin-when-cross-origin\" src=\"https://static.xx.fbcdn.net/images/emoji.php/v9/t5f/1/16/270a.png\" style=\"border: 0px;\"></span>Bảo hành 1 Năm</div><div dir=\"auto\" style=\"font-family: &quot;Segoe UI Historic&quot;, &quot;Segoe UI&quot;, Helvetica, Arial, sans-serif; color: rgb(5, 5, 5); font-size: 15px; white-space: pre-wrap; background-color: rgb(255, 255, 255);\"><span class=\"pq6dq46d tbxw36s4 knj5qynh kvgmc6g5 ditlmg2l oygrvhab nvdbi5me sf5mxxl7 gl3lb2sf hhz5lgdu\" style=\"margin: 0px 1px; height: 16px; width: 16px; display: inline-flex; vertical-align: middle; font-family: inherit;\"><img height=\"16\" width=\"16\" alt=\"?️\" referrerpolicy=\"origin-when-cross-origin\" src=\"https://static.xx.fbcdn.net/images/emoji.php/v9/t6b/1/16/1f575.png\" style=\"border: 0px;\"></span>100% chế tác thủ công, KHÂU TAY tỉ mỉ</div><div dir=\"auto\" style=\"font-family: &quot;Segoe UI Historic&quot;, &quot;Segoe UI&quot;, Helvetica, Arial, sans-serif; color: rgb(5, 5, 5); font-size: 15px; white-space: pre-wrap; background-color: rgb(255, 255, 255);\"><span class=\"pq6dq46d tbxw36s4 knj5qynh kvgmc6g5 ditlmg2l oygrvhab nvdbi5me sf5mxxl7 gl3lb2sf hhz5lgdu\" style=\"margin: 0px 1px; height: 16px; width: 16px; display: inline-flex; vertical-align: middle; font-family: inherit;\"><img height=\"16\" width=\"16\" alt=\"?\" referrerpolicy=\"origin-when-cross-origin\" src=\"https://static.xx.fbcdn.net/images/emoji.php/v9/t47/1/16/1f681.png\" style=\"border: 0px;\"></span>Ship cod toàn quốc.</div>','<div dir=\"auto\" style=\"font-family: &quot;Segoe UI Historic&quot;, &quot;Segoe UI&quot;, Helvetica, Arial, sans-serif; color: rgb(5, 5, 5); font-size: 15px; white-space: pre-wrap; background-color: rgb(255, 255, 255);\"><span class=\"pq6dq46d tbxw36s4 knj5qynh kvgmc6g5 ditlmg2l oygrvhab nvdbi5me sf5mxxl7 gl3lb2sf hhz5lgdu\" style=\"margin: 0px 1px; height: 16px; width: 16px; display: inline-flex; vertical-align: middle; font-family: inherit;\"><img height=\"16\" width=\"16\" alt=\"?\" referrerpolicy=\"origin-when-cross-origin\" src=\"https://static.xx.fbcdn.net/images/emoji.php/v9/te0/1/16/1f31f.png\" style=\"border: 0px;\"></span> Da lót da bê zermat chống thấm mồ hôi</div><div dir=\"auto\" style=\"font-family: &quot;Segoe UI Historic&quot;, &quot;Segoe UI&quot;, Helvetica, Arial, sans-serif; color: rgb(5, 5, 5); font-size: 15px; white-space: pre-wrap; background-color: rgb(255, 255, 255);\"><span class=\"pq6dq46d tbxw36s4 knj5qynh kvgmc6g5 ditlmg2l oygrvhab nvdbi5me sf5mxxl7 gl3lb2sf hhz5lgdu\" style=\"margin: 0px 1px; height: 16px; width: 16px; display: inline-flex; vertical-align: middle; font-family: inherit;\"><img height=\"16\" width=\"16\" alt=\"✊\" referrerpolicy=\"origin-when-cross-origin\" src=\"https://static.xx.fbcdn.net/images/emoji.php/v9/t5f/1/16/270a.png\" style=\"border: 0px;\"></span>Với đặc tính Bền, Ôm tay, Không thấm nước đeo không sợ hôi tay</div><div dir=\"auto\" style=\"font-family: &quot;Segoe UI Historic&quot;, &quot;Segoe UI&quot;, Helvetica, Arial, sans-serif; color: rgb(5, 5, 5); font-size: 15px; white-space: pre-wrap; background-color: rgb(255, 255, 255);\"><span class=\"pq6dq46d tbxw36s4 knj5qynh kvgmc6g5 ditlmg2l oygrvhab nvdbi5me sf5mxxl7 gl3lb2sf hhz5lgdu\" style=\"margin: 0px 1px; height: 16px; width: 16px; display: inline-flex; vertical-align: middle; font-family: inherit;\"><img height=\"16\" width=\"16\" alt=\"?️\" referrerpolicy=\"origin-when-cross-origin\" src=\"https://static.xx.fbcdn.net/images/emoji.php/v9/t6b/1/16/1f575.png\" style=\"border: 0px;\"></span> Kiểu dáng thời trang, tinh tế trong từng đường chỉ, mang lại phong cách mới lạ, sang trọng cho apple-watch của bạn.</div><div dir=\"auto\" style=\"font-family: &quot;Segoe UI Historic&quot;, &quot;Segoe UI&quot;, Helvetica, Arial, sans-serif; color: rgb(5, 5, 5); font-size: 15px; white-space: pre-wrap; background-color: rgb(255, 255, 255);\"><span class=\"pq6dq46d tbxw36s4 knj5qynh kvgmc6g5 ditlmg2l oygrvhab nvdbi5me sf5mxxl7 gl3lb2sf hhz5lgdu\" style=\"margin: 0px 1px; height: 16px; width: 16px; display: inline-flex; vertical-align: middle; font-family: inherit;\"><img height=\"16\" width=\"16\" alt=\"?\" referrerpolicy=\"origin-when-cross-origin\" src=\"https://static.xx.fbcdn.net/images/emoji.php/v9/te0/1/16/1f31f.png\" style=\"border: 0px;\"></span>Đầy đủ các size cho apple watch</div><div dir=\"auto\" style=\"font-family: &quot;Segoe UI Historic&quot;, &quot;Segoe UI&quot;, Helvetica, Arial, sans-serif; color: rgb(5, 5, 5); font-size: 15px; white-space: pre-wrap; background-color: rgb(255, 255, 255);\"><span class=\"pq6dq46d tbxw36s4 knj5qynh kvgmc6g5 ditlmg2l oygrvhab nvdbi5me sf5mxxl7 gl3lb2sf hhz5lgdu\" style=\"margin: 0px 1px; height: 16px; width: 16px; display: inline-flex; vertical-align: middle; font-family: inherit;\"><img height=\"16\" width=\"16\" alt=\"?\" referrerpolicy=\"origin-when-cross-origin\" src=\"https://static.xx.fbcdn.net/images/emoji.php/v9/t77/1/16/1f3e1.png\" style=\"border: 0px;\"></span>251 Giáp Nhất, Nhân Chính, Thanh Xuân, Hà Nội </div><div dir=\"auto\" style=\"font-family: &quot;Segoe UI Historic&quot;, &quot;Segoe UI&quot;, Helvetica, Arial, sans-serif; color: rgb(5, 5, 5); font-size: 15px; white-space: pre-wrap; background-color: rgb(255, 255, 255);\"><span class=\"pq6dq46d tbxw36s4 knj5qynh kvgmc6g5 ditlmg2l oygrvhab nvdbi5me sf5mxxl7 gl3lb2sf hhz5lgdu\" style=\"margin: 0px 1px; height: 16px; width: 16px; display: inline-flex; vertical-align: middle; font-family: inherit;\"><img height=\"16\" width=\"16\" alt=\"☎️\" referrerpolicy=\"origin-when-cross-origin\" src=\"https://static.xx.fbcdn.net/images/emoji.php/v9/t22/1/16/260e.png\" style=\"border: 0px;\"></span>096 580 60 29</div>','product/avatar/xanh-corban-mau-sang-1.jpg',23,'2021-04-04 21:53:38','2021-04-06 01:16:42',NULL,NULL,1,'xanh-corban-mau-sang-1617646601919','Xanh Corban','Da SWIFT H.E.R.M.E.S'),(74,'Dây khóa bấm đỏ rượu vang',500000.00,NULL,'<div dir=\"auto\" style=\"font-family: &quot;Segoe UI Historic&quot;, &quot;Segoe UI&quot;, Helvetica, Arial, sans-serif; color: rgb(5, 5, 5); font-size: 15px; white-space: pre-wrap; background-color: rgb(255, 255, 255);\"><span class=\"pq6dq46d tbxw36s4 knj5qynh kvgmc6g5 ditlmg2l oygrvhab nvdbi5me sf5mxxl7 gl3lb2sf hhz5lgdu\" style=\"margin: 0px 1px; height: 16px; width: 16px; display: inline-flex; vertical-align: middle; font-family: inherit;\"><img height=\"16\" width=\"16\" alt=\"?️\" referrerpolicy=\"origin-when-cross-origin\" src=\"https://static.xx.fbcdn.net/images/emoji.php/v9/t6b/1/16/1f575.png\" style=\"border: 0px;\"></span>Dây da SWIFT H.E.R.M.E.S cho Apple_Watch<span class=\"pq6dq46d tbxw36s4 knj5qynh kvgmc6g5 ditlmg2l oygrvhab nvdbi5me sf5mxxl7 gl3lb2sf hhz5lgdu\" style=\"margin: 0px 1px; height: 16px; width: 16px; display: inline-flex; vertical-align: middle; font-family: inherit;\"><img height=\"16\" width=\"16\" alt=\"⌚️\" referrerpolicy=\"origin-when-cross-origin\" src=\"https://static.xx.fbcdn.net/images/emoji.php/v9/tfa/1/16/231a.png\" style=\"border: 0px;\"></span></div><div dir=\"auto\" style=\"font-family: &quot;Segoe UI Historic&quot;, &quot;Segoe UI&quot;, Helvetica, Arial, sans-serif; color: rgb(5, 5, 5); font-size: 15px; white-space: pre-wrap; background-color: rgb(255, 255, 255);\"><span class=\"pq6dq46d tbxw36s4 knj5qynh kvgmc6g5 ditlmg2l oygrvhab nvdbi5me sf5mxxl7 gl3lb2sf hhz5lgdu\" style=\"margin: 0px 1px; height: 16px; width: 16px; display: inline-flex; vertical-align: middle; font-family: inherit;\"><img height=\"16\" width=\"16\" alt=\"✈\" referrerpolicy=\"origin-when-cross-origin\" src=\"https://static.xx.fbcdn.net/images/emoji.php/v9/tb6/1/16/2708.png\" style=\"border: 0px;\"></span>DA THẬT nhập khẩu từ PHÁP</div><div dir=\"auto\" style=\"font-family: &quot;Segoe UI Historic&quot;, &quot;Segoe UI&quot;, Helvetica, Arial, sans-serif; color: rgb(5, 5, 5); font-size: 15px; white-space: pre-wrap; background-color: rgb(255, 255, 255);\"><span class=\"pq6dq46d tbxw36s4 knj5qynh kvgmc6g5 ditlmg2l oygrvhab nvdbi5me sf5mxxl7 gl3lb2sf hhz5lgdu\" style=\"margin: 0px 1px; height: 16px; width: 16px; display: inline-flex; vertical-align: middle; font-family: inherit;\"><img height=\"16\" width=\"16\" alt=\"✊\" referrerpolicy=\"origin-when-cross-origin\" src=\"https://static.xx.fbcdn.net/images/emoji.php/v9/t5f/1/16/270a.png\" style=\"border: 0px;\"></span>Bảo hành 1 Năm</div><div dir=\"auto\" style=\"font-family: &quot;Segoe UI Historic&quot;, &quot;Segoe UI&quot;, Helvetica, Arial, sans-serif; color: rgb(5, 5, 5); font-size: 15px; white-space: pre-wrap; background-color: rgb(255, 255, 255);\"><span class=\"pq6dq46d tbxw36s4 knj5qynh kvgmc6g5 ditlmg2l oygrvhab nvdbi5me sf5mxxl7 gl3lb2sf hhz5lgdu\" style=\"margin: 0px 1px; height: 16px; width: 16px; display: inline-flex; vertical-align: middle; font-family: inherit;\"><img height=\"16\" width=\"16\" alt=\"?️\" referrerpolicy=\"origin-when-cross-origin\" src=\"https://static.xx.fbcdn.net/images/emoji.php/v9/t6b/1/16/1f575.png\" style=\"border: 0px;\"></span>100% chế tác thủ công, KHÂU TAY tỉ mỉ</div><div dir=\"auto\" style=\"font-family: &quot;Segoe UI Historic&quot;, &quot;Segoe UI&quot;, Helvetica, Arial, sans-serif; color: rgb(5, 5, 5); font-size: 15px; white-space: pre-wrap; background-color: rgb(255, 255, 255);\"><span class=\"pq6dq46d tbxw36s4 knj5qynh kvgmc6g5 ditlmg2l oygrvhab nvdbi5me sf5mxxl7 gl3lb2sf hhz5lgdu\" style=\"margin: 0px 1px; height: 16px; width: 16px; display: inline-flex; vertical-align: middle; font-family: inherit;\"><img height=\"16\" width=\"16\" alt=\"?\" referrerpolicy=\"origin-when-cross-origin\" src=\"https://static.xx.fbcdn.net/images/emoji.php/v9/t47/1/16/1f681.png\" style=\"border: 0px;\"></span>Ship cod toàn quốc.</div>','<div dir=\"auto\" style=\"font-family: &quot;Segoe UI Historic&quot;, &quot;Segoe UI&quot;, Helvetica, Arial, sans-serif; color: rgb(5, 5, 5); font-size: 15px; white-space: pre-wrap; background-color: rgb(255, 255, 255);\"><span class=\"pq6dq46d tbxw36s4 knj5qynh kvgmc6g5 ditlmg2l oygrvhab nvdbi5me sf5mxxl7 gl3lb2sf hhz5lgdu\" style=\"margin: 0px 1px; height: 16px; width: 16px; display: inline-flex; vertical-align: middle; font-family: inherit;\"><img height=\"16\" width=\"16\" alt=\"?\" referrerpolicy=\"origin-when-cross-origin\" src=\"https://static.xx.fbcdn.net/images/emoji.php/v9/te0/1/16/1f31f.png\" style=\"border: 0px;\"></span> Da lót da bê zermat chống thấm mồ hôi</div><div dir=\"auto\" style=\"font-family: &quot;Segoe UI Historic&quot;, &quot;Segoe UI&quot;, Helvetica, Arial, sans-serif; color: rgb(5, 5, 5); font-size: 15px; white-space: pre-wrap; background-color: rgb(255, 255, 255);\"><span class=\"pq6dq46d tbxw36s4 knj5qynh kvgmc6g5 ditlmg2l oygrvhab nvdbi5me sf5mxxl7 gl3lb2sf hhz5lgdu\" style=\"margin: 0px 1px; height: 16px; width: 16px; display: inline-flex; vertical-align: middle; font-family: inherit;\"><img height=\"16\" width=\"16\" alt=\"✊\" referrerpolicy=\"origin-when-cross-origin\" src=\"https://static.xx.fbcdn.net/images/emoji.php/v9/t5f/1/16/270a.png\" style=\"border: 0px;\"></span>Với đặc tính Bền, Ôm tay, Không thấm nước đeo không sợ hôi tay</div><div dir=\"auto\" style=\"font-family: &quot;Segoe UI Historic&quot;, &quot;Segoe UI&quot;, Helvetica, Arial, sans-serif; color: rgb(5, 5, 5); font-size: 15px; white-space: pre-wrap; background-color: rgb(255, 255, 255);\"><span class=\"pq6dq46d tbxw36s4 knj5qynh kvgmc6g5 ditlmg2l oygrvhab nvdbi5me sf5mxxl7 gl3lb2sf hhz5lgdu\" style=\"margin: 0px 1px; height: 16px; width: 16px; display: inline-flex; vertical-align: middle; font-family: inherit;\"><img height=\"16\" width=\"16\" alt=\"?️\" referrerpolicy=\"origin-when-cross-origin\" src=\"https://static.xx.fbcdn.net/images/emoji.php/v9/t6b/1/16/1f575.png\" style=\"border: 0px;\"></span> Kiểu dáng thời trang, tinh tế trong từng đường chỉ, mang lại phong cách mới lạ, sang trọng cho apple-watch của bạn.</div><div dir=\"auto\" style=\"font-family: &quot;Segoe UI Historic&quot;, &quot;Segoe UI&quot;, Helvetica, Arial, sans-serif; color: rgb(5, 5, 5); font-size: 15px; white-space: pre-wrap; background-color: rgb(255, 255, 255);\"><span class=\"pq6dq46d tbxw36s4 knj5qynh kvgmc6g5 ditlmg2l oygrvhab nvdbi5me sf5mxxl7 gl3lb2sf hhz5lgdu\" style=\"margin: 0px 1px; height: 16px; width: 16px; display: inline-flex; vertical-align: middle; font-family: inherit;\"><img height=\"16\" width=\"16\" alt=\"?\" referrerpolicy=\"origin-when-cross-origin\" src=\"https://static.xx.fbcdn.net/images/emoji.php/v9/te0/1/16/1f31f.png\" style=\"border: 0px;\"></span>Đầy đủ các size cho apple watch</div><div dir=\"auto\" style=\"font-family: &quot;Segoe UI Historic&quot;, &quot;Segoe UI&quot;, Helvetica, Arial, sans-serif; color: rgb(5, 5, 5); font-size: 15px; white-space: pre-wrap; background-color: rgb(255, 255, 255);\"><span class=\"pq6dq46d tbxw36s4 knj5qynh kvgmc6g5 ditlmg2l oygrvhab nvdbi5me sf5mxxl7 gl3lb2sf hhz5lgdu\" style=\"margin: 0px 1px; height: 16px; width: 16px; display: inline-flex; vertical-align: middle; font-family: inherit;\"><img height=\"16\" width=\"16\" alt=\"?\" referrerpolicy=\"origin-when-cross-origin\" src=\"https://static.xx.fbcdn.net/images/emoji.php/v9/t77/1/16/1f3e1.png\" style=\"border: 0px;\"></span>251 Giáp Nhất, Nhân Chính, Thanh Xuân, Hà Nội </div><div dir=\"auto\" style=\"font-family: &quot;Segoe UI Historic&quot;, &quot;Segoe UI&quot;, Helvetica, Arial, sans-serif; color: rgb(5, 5, 5); font-size: 15px; white-space: pre-wrap; background-color: rgb(255, 255, 255);\"><span class=\"pq6dq46d tbxw36s4 knj5qynh kvgmc6g5 ditlmg2l oygrvhab nvdbi5me sf5mxxl7 gl3lb2sf hhz5lgdu\" style=\"margin: 0px 1px; height: 16px; width: 16px; display: inline-flex; vertical-align: middle; font-family: inherit;\"><img height=\"16\" width=\"16\" alt=\"☎️\" referrerpolicy=\"origin-when-cross-origin\" src=\"https://static.xx.fbcdn.net/images/emoji.php/v9/t22/1/16/260e.png\" style=\"border: 0px;\"></span>096 580 60 29</div>','product/avatar/day-khoa-bam-do-ruou-vang-1.jpg',23,'2021-04-04 21:58:05','2021-04-06 01:16:13',NULL,NULL,1,'day-khoa-bam-o-ruou-vang-1617646572990','Đỏ rượu vang','Da swift H.E.R.M.E.S'),(75,'Dây da cam và trắng ngọc',510000.00,NULL,'<div dir=\"auto\" style=\"font-family: &quot;Segoe UI Historic&quot;, &quot;Segoe UI&quot;, Helvetica, Arial, sans-serif; color: rgb(5, 5, 5); font-size: 15px; white-space: pre-wrap; background-color: rgb(255, 255, 255);\"><span class=\"pq6dq46d tbxw36s4 knj5qynh kvgmc6g5 ditlmg2l oygrvhab nvdbi5me sf5mxxl7 gl3lb2sf hhz5lgdu\" style=\"margin: 0px 1px; height: 16px; width: 16px; display: inline-flex; vertical-align: middle; font-family: inherit;\"><img height=\"16\" width=\"16\" alt=\"✅\" referrerpolicy=\"origin-when-cross-origin\" src=\"https://static.xx.fbcdn.net/images/emoji.php/v9/t33/1/16/2705.png\" style=\"border: 0px;\"></span> Da nhập khẩu Pháp chuẩn hãng H.e.r.m.e.s</div><div dir=\"auto\" style=\"font-family: &quot;Segoe UI Historic&quot;, &quot;Segoe UI&quot;, Helvetica, Arial, sans-serif; color: rgb(5, 5, 5); font-size: 15px; white-space: pre-wrap; background-color: rgb(255, 255, 255);\"><span class=\"pq6dq46d tbxw36s4 knj5qynh kvgmc6g5 ditlmg2l oygrvhab nvdbi5me sf5mxxl7 gl3lb2sf hhz5lgdu\" style=\"margin: 0px 1px; height: 16px; width: 16px; display: inline-flex; vertical-align: middle; font-family: inherit;\"><img height=\"16\" width=\"16\" alt=\"✅\" referrerpolicy=\"origin-when-cross-origin\" src=\"https://static.xx.fbcdn.net/images/emoji.php/v9/t33/1/16/2705.png\" style=\"border: 0px;\"></span> Thủ công từng đường kim</div><div dir=\"auto\" style=\"font-family: &quot;Segoe UI Historic&quot;, &quot;Segoe UI&quot;, Helvetica, Arial, sans-serif; color: rgb(5, 5, 5); font-size: 15px; white-space: pre-wrap; background-color: rgb(255, 255, 255);\"><span class=\"pq6dq46d tbxw36s4 knj5qynh kvgmc6g5 ditlmg2l oygrvhab nvdbi5me sf5mxxl7 gl3lb2sf hhz5lgdu\" style=\"margin: 0px 1px; height: 16px; width: 16px; display: inline-flex; vertical-align: middle; font-family: inherit;\"><img height=\"16\" width=\"16\" alt=\"✅\" referrerpolicy=\"origin-when-cross-origin\" src=\"https://static.xx.fbcdn.net/images/emoji.php/v9/t33/1/16/2705.png\" style=\"border: 0px;\"></span> Lót zermat chống bai giãn, chống thấm</div><div dir=\"auto\" style=\"font-family: &quot;Segoe UI Historic&quot;, &quot;Segoe UI&quot;, Helvetica, Arial, sans-serif; color: rgb(5, 5, 5); font-size: 15px; white-space: pre-wrap; background-color: rgb(255, 255, 255);\"><span class=\"pq6dq46d tbxw36s4 knj5qynh kvgmc6g5 ditlmg2l oygrvhab nvdbi5me sf5mxxl7 gl3lb2sf hhz5lgdu\" style=\"margin: 0px 1px; height: 16px; width: 16px; display: inline-flex; vertical-align: middle; font-family: inherit;\"><img height=\"16\" width=\"16\" alt=\"♥️\" referrerpolicy=\"origin-when-cross-origin\" src=\"https://static.xx.fbcdn.net/images/emoji.php/v9/tac/1/16/2665.png\" style=\"border: 0px;\"></span> Đủ size cho apple watch</div>','<div dir=\"auto\" style=\"font-family: &quot;Segoe UI Historic&quot;, &quot;Segoe UI&quot;, Helvetica, Arial, sans-serif; color: rgb(5, 5, 5); font-size: 15px; white-space: pre-wrap; background-color: rgb(255, 255, 255);\">+ Size 22-18 cho case apple watch 38,40</div><div dir=\"auto\" style=\"font-family: &quot;Segoe UI Historic&quot;, &quot;Segoe UI&quot;, Helvetica, Arial, sans-serif; color: rgb(5, 5, 5); font-size: 15px; white-space: pre-wrap; background-color: rgb(255, 255, 255);\">+ Size 24-20 cho case apple watch 42,44 </div><div dir=\"auto\" style=\"font-family: &quot;Segoe UI Historic&quot;, &quot;Segoe UI&quot;, Helvetica, Arial, sans-serif; color: rgb(5, 5, 5); font-size: 15px; white-space: pre-wrap; background-color: rgb(255, 255, 255);\">Thêm khóa bướm chống gập +100k, khắc tên + 50k </div><div dir=\"auto\" style=\"font-family: &quot;Segoe UI Historic&quot;, &quot;Segoe UI&quot;, Helvetica, Arial, sans-serif; color: rgb(5, 5, 5); font-size: 15px; white-space: pre-wrap; background-color: rgb(255, 255, 255);\"><span class=\"pq6dq46d tbxw36s4 knj5qynh kvgmc6g5 ditlmg2l oygrvhab nvdbi5me sf5mxxl7 gl3lb2sf hhz5lgdu\" style=\"margin: 0px 1px; height: 16px; width: 16px; display: inline-flex; vertical-align: middle; font-family: inherit;\"><img height=\"16\" width=\"16\" alt=\"?\" referrerpolicy=\"origin-when-cross-origin\" src=\"https://static.xx.fbcdn.net/images/emoji.php/v9/t51/1/16/1f449.png\" style=\"border: 0px;\"></span> có điều chỉnh độ dài dây theo kích thước cổ tay</div><div dir=\"auto\" style=\"font-family: &quot;Segoe UI Historic&quot;, &quot;Segoe UI&quot;, Helvetica, Arial, sans-serif; color: rgb(5, 5, 5); font-size: 15px; white-space: pre-wrap; background-color: rgb(255, 255, 255);\"><span class=\"pq6dq46d tbxw36s4 knj5qynh kvgmc6g5 ditlmg2l oygrvhab nvdbi5me sf5mxxl7 gl3lb2sf hhz5lgdu\" style=\"margin: 0px 1px; height: 16px; width: 16px; display: inline-flex; vertical-align: middle; font-family: inherit;\"><img height=\"16\" width=\"16\" alt=\"?\" referrerpolicy=\"origin-when-cross-origin\" src=\"https://static.xx.fbcdn.net/images/emoji.php/v9/t77/1/16/1f3e1.png\" style=\"border: 0px;\"></span>251 Giáp Nhất, Nhân Chính, Thanh Xuân, Hà Nội </div><div dir=\"auto\" style=\"font-family: &quot;Segoe UI Historic&quot;, &quot;Segoe UI&quot;, Helvetica, Arial, sans-serif; color: rgb(5, 5, 5); font-size: 15px; white-space: pre-wrap; background-color: rgb(255, 255, 255);\"><span class=\"pq6dq46d tbxw36s4 knj5qynh kvgmc6g5 ditlmg2l oygrvhab nvdbi5me sf5mxxl7 gl3lb2sf hhz5lgdu\" style=\"margin: 0px 1px; height: 16px; width: 16px; display: inline-flex; vertical-align: middle; font-family: inherit;\"><img height=\"16\" width=\"16\" alt=\"☎️\" referrerpolicy=\"origin-when-cross-origin\" src=\"https://static.xx.fbcdn.net/images/emoji.php/v9/t22/1/16/260e.png\" style=\"border: 0px;\"></span>096 580 60 29</div>','product/avatar/day-da-cam-va-trang-ngoc.jpg',23,'2021-04-04 22:04:44','2021-04-06 01:15:38',NULL,NULL,1,'day-da-cam-va-trang-ngoc-1617646538099','Cam phối trắng ngọc','Da bê Pháp'),(76,'Dây da EPSOME NÂU TÂY VINTAGE',530000.00,NULL,'<div class=\"kvgmc6g5 cxmmr5t8 oygrvhab hcukyx3x c1et5uql ii04i59q\" style=\"overflow-wrap: break-word; margin: 0px; white-space: pre-wrap; font-family: &quot;Segoe UI Historic&quot;, &quot;Segoe UI&quot;, Helvetica, Arial, sans-serif; color: rgb(5, 5, 5); font-size: 15px; background-color: rgb(255, 255, 255);\"><div dir=\"auto\" style=\"font-family: inherit;\"><span class=\"pq6dq46d tbxw36s4 knj5qynh kvgmc6g5 ditlmg2l oygrvhab nvdbi5me sf5mxxl7 gl3lb2sf hhz5lgdu\" style=\"margin: 0px 1px; height: 16px; width: 16px; display: inline-flex; vertical-align: middle; font-family: inherit;\"><img height=\"16\" width=\"16\" alt=\"?\" referrerpolicy=\"origin-when-cross-origin\" src=\"https://static.xx.fbcdn.net/images/emoji.php/v9/tba/1/16/1f4e3.png\" style=\"border: 0px;\"></span><span class=\"pq6dq46d tbxw36s4 knj5qynh kvgmc6g5 ditlmg2l oygrvhab nvdbi5me sf5mxxl7 gl3lb2sf hhz5lgdu\" style=\"margin: 0px 1px; height: 16px; width: 16px; display: inline-flex; vertical-align: middle; font-family: inherit;\"><img height=\"16\" width=\"16\" alt=\"?\" referrerpolicy=\"origin-when-cross-origin\" src=\"https://static.xx.fbcdn.net/images/emoji.php/v9/tba/1/16/1f4e3.png\" style=\"border: 0px;\"></span>EPSOME NÂU TÂY VINTAGE  <span class=\"pq6dq46d tbxw36s4 knj5qynh kvgmc6g5 ditlmg2l oygrvhab nvdbi5me sf5mxxl7 gl3lb2sf hhz5lgdu\" style=\"margin: 0px 1px; height: 16px; width: 16px; display: inline-flex; vertical-align: middle; font-family: inherit;\"><img height=\"16\" width=\"16\" alt=\"?\" referrerpolicy=\"origin-when-cross-origin\" src=\"https://static.xx.fbcdn.net/images/emoji.php/v9/tba/1/16/1f4e3.png\" style=\"border: 0px;\"></span><span class=\"pq6dq46d tbxw36s4 knj5qynh kvgmc6g5 ditlmg2l oygrvhab nvdbi5me sf5mxxl7 gl3lb2sf hhz5lgdu\" style=\"margin: 0px 1px; height: 16px; width: 16px; display: inline-flex; vertical-align: middle; font-family: inherit;\"><img height=\"16\" width=\"16\" alt=\"?\" referrerpolicy=\"origin-when-cross-origin\" src=\"https://static.xx.fbcdn.net/images/emoji.php/v9/tba/1/16/1f4e3.png\" style=\"border: 0px;\"></span></div></div><div class=\"o9v6fnle cxmmr5t8 oygrvhab hcukyx3x c1et5uql ii04i59q\" style=\"overflow-wrap: break-word; margin: 0.5em 0px 0px; white-space: pre-wrap; font-family: &quot;Segoe UI Historic&quot;, &quot;Segoe UI&quot;, Helvetica, Arial, sans-serif; color: rgb(5, 5, 5); font-size: 15px; background-color: rgb(255, 255, 255);\"><div dir=\"auto\" style=\"font-family: inherit;\"><span class=\"pq6dq46d tbxw36s4 knj5qynh kvgmc6g5 ditlmg2l oygrvhab nvdbi5me sf5mxxl7 gl3lb2sf hhz5lgdu\" style=\"margin: 0px 1px; height: 16px; width: 16px; display: inline-flex; vertical-align: middle; font-family: inherit;\"><img height=\"16\" width=\"16\" alt=\"✅\" referrerpolicy=\"origin-when-cross-origin\" src=\"https://static.xx.fbcdn.net/images/emoji.php/v9/t33/1/16/2705.png\" style=\"border: 0px;\"></span> Da nhập khẩu Pháp chuẩn hãng H.e.r.m.e.s</div><div dir=\"auto\" style=\"font-family: inherit;\"><span class=\"pq6dq46d tbxw36s4 knj5qynh kvgmc6g5 ditlmg2l oygrvhab nvdbi5me sf5mxxl7 gl3lb2sf hhz5lgdu\" style=\"margin: 0px 1px; height: 16px; width: 16px; display: inline-flex; vertical-align: middle; font-family: inherit;\"><img height=\"16\" width=\"16\" alt=\"✅\" referrerpolicy=\"origin-when-cross-origin\" src=\"https://static.xx.fbcdn.net/images/emoji.php/v9/t33/1/16/2705.png\" style=\"border: 0px;\"></span> Thủ công từng đường kim</div><div dir=\"auto\" style=\"font-family: inherit;\"><span class=\"pq6dq46d tbxw36s4 knj5qynh kvgmc6g5 ditlmg2l oygrvhab nvdbi5me sf5mxxl7 gl3lb2sf hhz5lgdu\" style=\"margin: 0px 1px; height: 16px; width: 16px; display: inline-flex; vertical-align: middle; font-family: inherit;\"><img height=\"16\" width=\"16\" alt=\"✅\" referrerpolicy=\"origin-when-cross-origin\" src=\"https://static.xx.fbcdn.net/images/emoji.php/v9/t33/1/16/2705.png\" style=\"border: 0px;\"></span> Lót zermat chống bai giãn, chống thấm</div><div dir=\"auto\" style=\"font-family: inherit;\"><span class=\"pq6dq46d tbxw36s4 knj5qynh kvgmc6g5 ditlmg2l oygrvhab nvdbi5me sf5mxxl7 gl3lb2sf hhz5lgdu\" style=\"margin: 0px 1px; height: 16px; width: 16px; display: inline-flex; vertical-align: middle; font-family: inherit;\"><img height=\"16\" width=\"16\" alt=\"♥️\" referrerpolicy=\"origin-when-cross-origin\" src=\"https://static.xx.fbcdn.net/images/emoji.php/v9/tac/1/16/2665.png\" style=\"border: 0px;\"></span> Đủ size cho apple watch</div></div>','<div dir=\"auto\" style=\"font-family: &quot;Segoe UI Historic&quot;, &quot;Segoe UI&quot;, Helvetica, Arial, sans-serif; color: rgb(5, 5, 5); font-size: 15px; white-space: pre-wrap; background-color: rgb(255, 255, 255);\"><span class=\"pq6dq46d tbxw36s4 knj5qynh kvgmc6g5 ditlmg2l oygrvhab nvdbi5me sf5mxxl7 gl3lb2sf hhz5lgdu\" style=\"margin: 0px 1px; height: 16px; width: 16px; display: inline-flex; vertical-align: middle; font-family: inherit;\"><img height=\"16\" width=\"16\" alt=\"?\" referrerpolicy=\"origin-when-cross-origin\" src=\"https://static.xx.fbcdn.net/images/emoji.php/v9/te0/1/16/1f31f.png\" style=\"border: 0px;\"></span> Da lót da bê zermat chống thấm mồ hôi</div><div dir=\"auto\" style=\"font-family: &quot;Segoe UI Historic&quot;, &quot;Segoe UI&quot;, Helvetica, Arial, sans-serif; color: rgb(5, 5, 5); font-size: 15px; white-space: pre-wrap; background-color: rgb(255, 255, 255);\"><span class=\"pq6dq46d tbxw36s4 knj5qynh kvgmc6g5 ditlmg2l oygrvhab nvdbi5me sf5mxxl7 gl3lb2sf hhz5lgdu\" style=\"margin: 0px 1px; height: 16px; width: 16px; display: inline-flex; vertical-align: middle; font-family: inherit;\"><img height=\"16\" width=\"16\" alt=\"✊\" referrerpolicy=\"origin-when-cross-origin\" src=\"https://static.xx.fbcdn.net/images/emoji.php/v9/t5f/1/16/270a.png\" style=\"border: 0px;\"></span>Với đặc tính Bền, Ôm tay, Không thấm nước đeo không sợ hôi tay</div><div dir=\"auto\" style=\"font-family: &quot;Segoe UI Historic&quot;, &quot;Segoe UI&quot;, Helvetica, Arial, sans-serif; color: rgb(5, 5, 5); font-size: 15px; white-space: pre-wrap; background-color: rgb(255, 255, 255);\"><span class=\"pq6dq46d tbxw36s4 knj5qynh kvgmc6g5 ditlmg2l oygrvhab nvdbi5me sf5mxxl7 gl3lb2sf hhz5lgdu\" style=\"margin: 0px 1px; height: 16px; width: 16px; display: inline-flex; vertical-align: middle; font-family: inherit;\"><img height=\"16\" width=\"16\" alt=\"?️\" referrerpolicy=\"origin-when-cross-origin\" src=\"https://static.xx.fbcdn.net/images/emoji.php/v9/t6b/1/16/1f575.png\" style=\"border: 0px;\"></span> Kiểu dáng thời trang, tinh tế trong từng đường chỉ, mang lại phong cách mới lạ, sang trọng cho apple-watch của bạn.</div><div dir=\"auto\" style=\"font-family: &quot;Segoe UI Historic&quot;, &quot;Segoe UI&quot;, Helvetica, Arial, sans-serif; color: rgb(5, 5, 5); font-size: 15px; white-space: pre-wrap; background-color: rgb(255, 255, 255);\"><span class=\"pq6dq46d tbxw36s4 knj5qynh kvgmc6g5 ditlmg2l oygrvhab nvdbi5me sf5mxxl7 gl3lb2sf hhz5lgdu\" style=\"margin: 0px 1px; height: 16px; width: 16px; display: inline-flex; vertical-align: middle; font-family: inherit;\"><img height=\"16\" width=\"16\" alt=\"?\" referrerpolicy=\"origin-when-cross-origin\" src=\"https://static.xx.fbcdn.net/images/emoji.php/v9/te0/1/16/1f31f.png\" style=\"border: 0px;\"></span>Đầy đủ các size cho apple watch</div><div dir=\"auto\" style=\"font-family: &quot;Segoe UI Historic&quot;, &quot;Segoe UI&quot;, Helvetica, Arial, sans-serif; color: rgb(5, 5, 5); font-size: 15px; white-space: pre-wrap; background-color: rgb(255, 255, 255);\"><span class=\"pq6dq46d tbxw36s4 knj5qynh kvgmc6g5 ditlmg2l oygrvhab nvdbi5me sf5mxxl7 gl3lb2sf hhz5lgdu\" style=\"margin: 0px 1px; height: 16px; width: 16px; display: inline-flex; vertical-align: middle; font-family: inherit;\"><img height=\"16\" width=\"16\" alt=\"?\" referrerpolicy=\"origin-when-cross-origin\" src=\"https://static.xx.fbcdn.net/images/emoji.php/v9/t77/1/16/1f3e1.png\" style=\"border: 0px;\"></span>251 Giáp Nhất, Nhân Chính, Thanh Xuân, Hà Nội </div><div dir=\"auto\" style=\"font-family: &quot;Segoe UI Historic&quot;, &quot;Segoe UI&quot;, Helvetica, Arial, sans-serif; color: rgb(5, 5, 5); font-size: 15px; white-space: pre-wrap; background-color: rgb(255, 255, 255);\"><span class=\"pq6dq46d tbxw36s4 knj5qynh kvgmc6g5 ditlmg2l oygrvhab nvdbi5me sf5mxxl7 gl3lb2sf hhz5lgdu\" style=\"margin: 0px 1px; height: 16px; width: 16px; display: inline-flex; vertical-align: middle; font-family: inherit;\"><img height=\"16\" width=\"16\" alt=\"☎️\" referrerpolicy=\"origin-when-cross-origin\" src=\"https://static.xx.fbcdn.net/images/emoji.php/v9/t22/1/16/260e.png\" style=\"border: 0px;\"></span>096 580 60 29</div>','product/avatar/nau-tay-1.jpg',23,'2021-04-04 22:15:14','2021-04-06 01:14:55',NULL,NULL,1,'day-da-epsome-nau-tay-vintage-1617646495189','Nâu tây VINTAGE','Da bê Pháp'),(77,'Dây da EPSOME nâu',500000.00,NULL,'<div dir=\"auto\" style=\"font-family: &quot;Segoe UI Historic&quot;, &quot;Segoe UI&quot;, Helvetica, Arial, sans-serif; color: rgb(5, 5, 5); font-size: 15px; white-space: pre-wrap; background-color: rgb(255, 255, 255);\"><span class=\"pq6dq46d tbxw36s4 knj5qynh kvgmc6g5 ditlmg2l oygrvhab nvdbi5me sf5mxxl7 gl3lb2sf hhz5lgdu\" style=\"margin: 0px 1px; height: 16px; width: 16px; display: inline-flex; vertical-align: middle; font-family: inherit;\"><img height=\"16\" width=\"16\" alt=\"✊\" referrerpolicy=\"origin-when-cross-origin\" src=\"https://static.xx.fbcdn.net/images/emoji.php/v9/t5f/1/16/270a.png\" style=\"border: 0px;\"></span>Với đặc tính Bền, Ôm tay, Không thấm nước đeo không sợ hôi tay</div><div dir=\"auto\" style=\"font-family: &quot;Segoe UI Historic&quot;, &quot;Segoe UI&quot;, Helvetica, Arial, sans-serif; color: rgb(5, 5, 5); font-size: 15px; white-space: pre-wrap; background-color: rgb(255, 255, 255);\"><span class=\"pq6dq46d tbxw36s4 knj5qynh kvgmc6g5 ditlmg2l oygrvhab nvdbi5me sf5mxxl7 gl3lb2sf hhz5lgdu\" style=\"margin: 0px 1px; height: 16px; width: 16px; display: inline-flex; vertical-align: middle; font-family: inherit;\"><img height=\"16\" width=\"16\" alt=\"?️\" referrerpolicy=\"origin-when-cross-origin\" src=\"https://static.xx.fbcdn.net/images/emoji.php/v9/t6b/1/16/1f575.png\" style=\"border: 0px;\"></span> Kiểu dáng thời trang, tinh tế trong từng đường chỉ, mang lại phong cách mới lạ, sang trọng cho apple-watch của bạn.</div><div dir=\"auto\" style=\"font-family: &quot;Segoe UI Historic&quot;, &quot;Segoe UI&quot;, Helvetica, Arial, sans-serif; color: rgb(5, 5, 5); font-size: 15px; white-space: pre-wrap; background-color: rgb(255, 255, 255);\"><span class=\"pq6dq46d tbxw36s4 knj5qynh kvgmc6g5 ditlmg2l oygrvhab nvdbi5me sf5mxxl7 gl3lb2sf hhz5lgdu\" style=\"margin: 0px 1px; height: 16px; width: 16px; display: inline-flex; vertical-align: middle; font-family: inherit;\"><img height=\"16\" width=\"16\" alt=\"?\" referrerpolicy=\"origin-when-cross-origin\" src=\"https://static.xx.fbcdn.net/images/emoji.php/v9/te0/1/16/1f31f.png\" style=\"border: 0px;\"></span>Đầy đủ các size cho apple watch</div>','<div dir=\"auto\" style=\"font-family: &quot;Segoe UI Historic&quot;, &quot;Segoe UI&quot;, Helvetica, Arial, sans-serif; color: rgb(5, 5, 5); font-size: 15px; white-space: pre-wrap; background-color: rgb(255, 255, 255);\"><span class=\"pq6dq46d tbxw36s4 knj5qynh kvgmc6g5 ditlmg2l oygrvhab nvdbi5me sf5mxxl7 gl3lb2sf hhz5lgdu\" style=\"margin: 0px 1px; height: 16px; width: 16px; display: inline-flex; vertical-align: middle; font-family: inherit;\"><img height=\"16\" width=\"16\" alt=\"?\" referrerpolicy=\"origin-when-cross-origin\" src=\"https://static.xx.fbcdn.net/images/emoji.php/v9/te0/1/16/1f31f.png\" style=\"border: 0px;\"></span> Da lót da bê zermat chống thấm mồ hôi</div><div dir=\"auto\" style=\"font-family: &quot;Segoe UI Historic&quot;, &quot;Segoe UI&quot;, Helvetica, Arial, sans-serif; color: rgb(5, 5, 5); font-size: 15px; white-space: pre-wrap; background-color: rgb(255, 255, 255);\"><span class=\"pq6dq46d tbxw36s4 knj5qynh kvgmc6g5 ditlmg2l oygrvhab nvdbi5me sf5mxxl7 gl3lb2sf hhz5lgdu\" style=\"margin: 0px 1px; height: 16px; width: 16px; display: inline-flex; vertical-align: middle; font-family: inherit;\"><img height=\"16\" width=\"16\" alt=\"✊\" referrerpolicy=\"origin-when-cross-origin\" src=\"https://static.xx.fbcdn.net/images/emoji.php/v9/t5f/1/16/270a.png\" style=\"border: 0px;\"></span>Với đặc tính Bền, Ôm tay, Không thấm nước đeo không sợ hôi tay</div><div dir=\"auto\" style=\"font-family: &quot;Segoe UI Historic&quot;, &quot;Segoe UI&quot;, Helvetica, Arial, sans-serif; color: rgb(5, 5, 5); font-size: 15px; white-space: pre-wrap; background-color: rgb(255, 255, 255);\"><span class=\"pq6dq46d tbxw36s4 knj5qynh kvgmc6g5 ditlmg2l oygrvhab nvdbi5me sf5mxxl7 gl3lb2sf hhz5lgdu\" style=\"margin: 0px 1px; height: 16px; width: 16px; display: inline-flex; vertical-align: middle; font-family: inherit;\"><img height=\"16\" width=\"16\" alt=\"?️\" referrerpolicy=\"origin-when-cross-origin\" src=\"https://static.xx.fbcdn.net/images/emoji.php/v9/t6b/1/16/1f575.png\" style=\"border: 0px;\"></span> Kiểu dáng thời trang, tinh tế trong từng đường chỉ, mang lại phong cách mới lạ, sang trọng cho apple-watch của bạn.</div><div dir=\"auto\" style=\"font-family: &quot;Segoe UI Historic&quot;, &quot;Segoe UI&quot;, Helvetica, Arial, sans-serif; color: rgb(5, 5, 5); font-size: 15px; white-space: pre-wrap; background-color: rgb(255, 255, 255);\"><span class=\"pq6dq46d tbxw36s4 knj5qynh kvgmc6g5 ditlmg2l oygrvhab nvdbi5me sf5mxxl7 gl3lb2sf hhz5lgdu\" style=\"margin: 0px 1px; height: 16px; width: 16px; display: inline-flex; vertical-align: middle; font-family: inherit;\"><img height=\"16\" width=\"16\" alt=\"?\" referrerpolicy=\"origin-when-cross-origin\" src=\"https://static.xx.fbcdn.net/images/emoji.php/v9/te0/1/16/1f31f.png\" style=\"border: 0px;\"></span>Đầy đủ các size cho apple watch</div><div dir=\"auto\" style=\"font-family: &quot;Segoe UI Historic&quot;, &quot;Segoe UI&quot;, Helvetica, Arial, sans-serif; color: rgb(5, 5, 5); font-size: 15px; white-space: pre-wrap; background-color: rgb(255, 255, 255);\"><span class=\"pq6dq46d tbxw36s4 knj5qynh kvgmc6g5 ditlmg2l oygrvhab nvdbi5me sf5mxxl7 gl3lb2sf hhz5lgdu\" style=\"margin: 0px 1px; height: 16px; width: 16px; display: inline-flex; vertical-align: middle; font-family: inherit;\"><img height=\"16\" width=\"16\" alt=\"?\" referrerpolicy=\"origin-when-cross-origin\" src=\"https://static.xx.fbcdn.net/images/emoji.php/v9/t77/1/16/1f3e1.png\" style=\"border: 0px;\"></span>251 Giáp Nhất, Nhân Chính, Thanh Xuân, Hà Nội </div><div dir=\"auto\" style=\"font-family: &quot;Segoe UI Historic&quot;, &quot;Segoe UI&quot;, Helvetica, Arial, sans-serif; color: rgb(5, 5, 5); font-size: 15px; white-space: pre-wrap; background-color: rgb(255, 255, 255);\"><span class=\"pq6dq46d tbxw36s4 knj5qynh kvgmc6g5 ditlmg2l oygrvhab nvdbi5me sf5mxxl7 gl3lb2sf hhz5lgdu\" style=\"margin: 0px 1px; height: 16px; width: 16px; display: inline-flex; vertical-align: middle; font-family: inherit;\"><img height=\"16\" width=\"16\" alt=\"☎️\" referrerpolicy=\"origin-when-cross-origin\" src=\"https://static.xx.fbcdn.net/images/emoji.php/v9/t22/1/16/260e.png\" style=\"border: 0px;\"></span>096 580 60 29</div>','product/avatar/day-da-nau.jpg',23,'2021-04-04 22:14:59','2021-04-06 01:15:15',NULL,NULL,1,'day-da-epsome-nau-1617646514697','Nâu','Da bê zermat'),(78,'SWIFT NÂU TÂY PHỐI CHỈ CAM',530000.00,NULL,'<div dir=\"auto\" style=\"font-family: &quot;Segoe UI Historic&quot;, &quot;Segoe UI&quot;, Helvetica, Arial, sans-serif; color: rgb(5, 5, 5); font-size: 15px; white-space: pre-wrap; background-color: rgb(255, 255, 255);\"><span class=\"pq6dq46d tbxw36s4 knj5qynh kvgmc6g5 ditlmg2l oygrvhab nvdbi5me sf5mxxl7 gl3lb2sf hhz5lgdu\" style=\"margin: 0px 1px; height: 16px; width: 16px; display: inline-flex; vertical-align: middle; font-family: inherit;\"><img height=\"16\" width=\"16\" alt=\"?\" referrerpolicy=\"origin-when-cross-origin\" src=\"https://static.xx.fbcdn.net/images/emoji.php/v9/t1a/1/16/1f33b.png\" style=\"border: 0px;\"></span><span class=\"pq6dq46d tbxw36s4 knj5qynh kvgmc6g5 ditlmg2l oygrvhab nvdbi5me sf5mxxl7 gl3lb2sf hhz5lgdu\" style=\"margin: 0px 1px; height: 16px; width: 16px; display: inline-flex; vertical-align: middle; font-family: inherit;\"><img height=\"16\" width=\"16\" alt=\"?\" referrerpolicy=\"origin-when-cross-origin\" src=\"https://static.xx.fbcdn.net/images/emoji.php/v9/t1a/1/16/1f33b.png\" style=\"border: 0px;\"></span> Chất da đều đc nhập khẩu Pháp, thiết kế theo dáng Hermes cao cấp, da mềm,êm, thiết kế cực tỉ mỉ từ đường kim, mũi chỉ.</div><div dir=\"auto\" style=\"font-family: &quot;Segoe UI Historic&quot;, &quot;Segoe UI&quot;, Helvetica, Arial, sans-serif; color: rgb(5, 5, 5); font-size: 15px; white-space: pre-wrap; background-color: rgb(255, 255, 255);\"><span class=\"pq6dq46d tbxw36s4 knj5qynh kvgmc6g5 ditlmg2l oygrvhab nvdbi5me sf5mxxl7 gl3lb2sf hhz5lgdu\" style=\"margin: 0px 1px; height: 16px; width: 16px; display: inline-flex; vertical-align: middle; font-family: inherit;\"><img height=\"16\" width=\"16\" alt=\"♥️\" referrerpolicy=\"origin-when-cross-origin\" src=\"https://static.xx.fbcdn.net/images/emoji.php/v9/tac/1/16/2665.png\" style=\"border: 0px;\"></span><span class=\"pq6dq46d tbxw36s4 knj5qynh kvgmc6g5 ditlmg2l oygrvhab nvdbi5me sf5mxxl7 gl3lb2sf hhz5lgdu\" style=\"margin: 0px 1px; height: 16px; width: 16px; display: inline-flex; vertical-align: middle; font-family: inherit;\"><img height=\"16\" width=\"16\" alt=\"♥️\" referrerpolicy=\"origin-when-cross-origin\" src=\"https://static.xx.fbcdn.net/images/emoji.php/v9/tac/1/16/2665.png\" style=\"border: 0px;\"></span> <span class=\"pq6dq46d tbxw36s4 knj5qynh kvgmc6g5 ditlmg2l oygrvhab nvdbi5me sf5mxxl7 gl3lb2sf hhz5lgdu\" style=\"margin: 0px 1px; height: 16px; width: 16px; display: inline-flex; vertical-align: middle; font-family: inherit;\"><img height=\"16\" width=\"16\" alt=\"?\" referrerpolicy=\"origin-when-cross-origin\" src=\"https://static.xx.fbcdn.net/images/emoji.php/v9/t6d/1/16/1f973.png\" style=\"border: 0px;\"></span><span class=\"pq6dq46d tbxw36s4 knj5qynh kvgmc6g5 ditlmg2l oygrvhab nvdbi5me sf5mxxl7 gl3lb2sf hhz5lgdu\" style=\"margin: 0px 1px; height: 16px; width: 16px; display: inline-flex; vertical-align: middle; font-family: inherit;\"><img height=\"16\" width=\"16\" alt=\"?\" referrerpolicy=\"origin-when-cross-origin\" src=\"https://static.xx.fbcdn.net/images/emoji.php/v9/t6d/1/16/1f973.png\" style=\"border: 0px;\"></span></div>','<div dir=\"auto\" style=\"font-family: &quot;Segoe UI Historic&quot;, &quot;Segoe UI&quot;, Helvetica, Arial, sans-serif; color: rgb(5, 5, 5); font-size: 15px; white-space: pre-wrap; background-color: rgb(255, 255, 255);\"><span class=\"pq6dq46d tbxw36s4 knj5qynh kvgmc6g5 ditlmg2l oygrvhab nvdbi5me sf5mxxl7 gl3lb2sf hhz5lgdu\" style=\"margin: 0px 1px; height: 16px; width: 16px; display: inline-flex; vertical-align: middle; font-family: inherit;\"><img height=\"16\" width=\"16\" alt=\"?\" referrerpolicy=\"origin-when-cross-origin\" src=\"https://static.xx.fbcdn.net/images/emoji.php/v9/te0/1/16/1f31f.png\" style=\"border: 0px;\"></span> Da lót da bê zermat chống thấm mồ hôi</div><div dir=\"auto\" style=\"font-family: &quot;Segoe UI Historic&quot;, &quot;Segoe UI&quot;, Helvetica, Arial, sans-serif; color: rgb(5, 5, 5); font-size: 15px; white-space: pre-wrap; background-color: rgb(255, 255, 255);\"><span class=\"pq6dq46d tbxw36s4 knj5qynh kvgmc6g5 ditlmg2l oygrvhab nvdbi5me sf5mxxl7 gl3lb2sf hhz5lgdu\" style=\"margin: 0px 1px; height: 16px; width: 16px; display: inline-flex; vertical-align: middle; font-family: inherit;\"><img height=\"16\" width=\"16\" alt=\"✊\" referrerpolicy=\"origin-when-cross-origin\" src=\"https://static.xx.fbcdn.net/images/emoji.php/v9/t5f/1/16/270a.png\" style=\"border: 0px;\"></span>Với đặc tính Bền, Ôm tay, Không thấm nước đeo không sợ hôi tay</div><div dir=\"auto\" style=\"font-family: &quot;Segoe UI Historic&quot;, &quot;Segoe UI&quot;, Helvetica, Arial, sans-serif; color: rgb(5, 5, 5); font-size: 15px; white-space: pre-wrap; background-color: rgb(255, 255, 255);\"><span class=\"pq6dq46d tbxw36s4 knj5qynh kvgmc6g5 ditlmg2l oygrvhab nvdbi5me sf5mxxl7 gl3lb2sf hhz5lgdu\" style=\"margin: 0px 1px; height: 16px; width: 16px; display: inline-flex; vertical-align: middle; font-family: inherit;\"><img height=\"16\" width=\"16\" alt=\"?️\" referrerpolicy=\"origin-when-cross-origin\" src=\"https://static.xx.fbcdn.net/images/emoji.php/v9/t6b/1/16/1f575.png\" style=\"border: 0px;\"></span> Kiểu dáng thời trang, tinh tế trong từng đường chỉ, mang lại phong cách mới lạ, sang trọng cho apple-watch của bạn.</div><div dir=\"auto\" style=\"font-family: &quot;Segoe UI Historic&quot;, &quot;Segoe UI&quot;, Helvetica, Arial, sans-serif; color: rgb(5, 5, 5); font-size: 15px; white-space: pre-wrap; background-color: rgb(255, 255, 255);\"><span class=\"pq6dq46d tbxw36s4 knj5qynh kvgmc6g5 ditlmg2l oygrvhab nvdbi5me sf5mxxl7 gl3lb2sf hhz5lgdu\" style=\"margin: 0px 1px; height: 16px; width: 16px; display: inline-flex; vertical-align: middle; font-family: inherit;\"><img height=\"16\" width=\"16\" alt=\"?\" referrerpolicy=\"origin-when-cross-origin\" src=\"https://static.xx.fbcdn.net/images/emoji.php/v9/te0/1/16/1f31f.png\" style=\"border: 0px;\"></span>Đầy đủ các size cho apple watch</div><div dir=\"auto\" style=\"font-family: &quot;Segoe UI Historic&quot;, &quot;Segoe UI&quot;, Helvetica, Arial, sans-serif; color: rgb(5, 5, 5); font-size: 15px; white-space: pre-wrap; background-color: rgb(255, 255, 255);\"><span class=\"pq6dq46d tbxw36s4 knj5qynh kvgmc6g5 ditlmg2l oygrvhab nvdbi5me sf5mxxl7 gl3lb2sf hhz5lgdu\" style=\"margin: 0px 1px; height: 16px; width: 16px; display: inline-flex; vertical-align: middle; font-family: inherit;\"><img height=\"16\" width=\"16\" alt=\"?\" referrerpolicy=\"origin-when-cross-origin\" src=\"https://static.xx.fbcdn.net/images/emoji.php/v9/t77/1/16/1f3e1.png\" style=\"border: 0px;\"></span>251 Giáp Nhất, Nhân Chính, Thanh Xuân, Hà Nội </div><div dir=\"auto\" style=\"font-family: &quot;Segoe UI Historic&quot;, &quot;Segoe UI&quot;, Helvetica, Arial, sans-serif; color: rgb(5, 5, 5); font-size: 15px; white-space: pre-wrap; background-color: rgb(255, 255, 255);\"><span class=\"pq6dq46d tbxw36s4 knj5qynh kvgmc6g5 ditlmg2l oygrvhab nvdbi5me sf5mxxl7 gl3lb2sf hhz5lgdu\" style=\"margin: 0px 1px; height: 16px; width: 16px; display: inline-flex; vertical-align: middle; font-family: inherit;\"><img height=\"16\" width=\"16\" alt=\"☎️\" referrerpolicy=\"origin-when-cross-origin\" src=\"https://static.xx.fbcdn.net/images/emoji.php/v9/t22/1/16/260e.png\" style=\"border: 0px;\"></span>096 580 60 29</div>','product/avatar/swift-nau-tay.jpg',23,'2021-04-04 22:18:22','2021-04-06 01:14:23',NULL,NULL,1,'swift-nau-tay-phoi-chi-cam-1617646463288','Nâu tây','Da bê zermat'),(79,'DÂY DA HANDMADE ĐỎ RƯỢU VANG',550000.00,NULL,'<div dir=\"auto\" style=\"font-family: &quot;Segoe UI Historic&quot;, &quot;Segoe UI&quot;, Helvetica, Arial, sans-serif; color: rgb(5, 5, 5); font-size: 15px; white-space: pre-wrap; background-color: rgb(255, 255, 255);\"><span class=\"pq6dq46d tbxw36s4 knj5qynh kvgmc6g5 ditlmg2l oygrvhab nvdbi5me sf5mxxl7 gl3lb2sf hhz5lgdu\" style=\"margin: 0px 1px; height: 16px; width: 16px; display: inline-flex; vertical-align: middle; font-family: inherit;\"><img height=\"16\" width=\"16\" alt=\"✊\" referrerpolicy=\"origin-when-cross-origin\" src=\"https://static.xx.fbcdn.net/images/emoji.php/v9/t5f/1/16/270a.png\" style=\"border: 0px;\"></span>Với đặc tính Bền, Ôm tay, Không thấm nước đeo không sợ hôi tay</div><div dir=\"auto\" style=\"font-family: &quot;Segoe UI Historic&quot;, &quot;Segoe UI&quot;, Helvetica, Arial, sans-serif; color: rgb(5, 5, 5); font-size: 15px; white-space: pre-wrap; background-color: rgb(255, 255, 255);\"><span class=\"pq6dq46d tbxw36s4 knj5qynh kvgmc6g5 ditlmg2l oygrvhab nvdbi5me sf5mxxl7 gl3lb2sf hhz5lgdu\" style=\"margin: 0px 1px; height: 16px; width: 16px; display: inline-flex; vertical-align: middle; font-family: inherit;\"><img height=\"16\" width=\"16\" alt=\"?️\" referrerpolicy=\"origin-when-cross-origin\" src=\"https://static.xx.fbcdn.net/images/emoji.php/v9/t6b/1/16/1f575.png\" style=\"border: 0px;\"></span> Kiểu dáng thời trang, tinh tế trong từng đường chỉ, mang lại phong cách mới lạ, sang trọng cho apple-watch của bạn.</div><div dir=\"auto\" style=\"font-family: &quot;Segoe UI Historic&quot;, &quot;Segoe UI&quot;, Helvetica, Arial, sans-serif; color: rgb(5, 5, 5); font-size: 15px; white-space: pre-wrap; background-color: rgb(255, 255, 255);\"><span class=\"pq6dq46d tbxw36s4 knj5qynh kvgmc6g5 ditlmg2l oygrvhab nvdbi5me sf5mxxl7 gl3lb2sf hhz5lgdu\" style=\"margin: 0px 1px; height: 16px; width: 16px; display: inline-flex; vertical-align: middle; font-family: inherit;\"><img height=\"16\" width=\"16\" alt=\"?\" referrerpolicy=\"origin-when-cross-origin\" src=\"https://static.xx.fbcdn.net/images/emoji.php/v9/te0/1/16/1f31f.png\" style=\"border: 0px;\"></span>Đầy đủ các size cho apple watch</div>','<div dir=\"auto\" style=\"font-family: &quot;Segoe UI Historic&quot;, &quot;Segoe UI&quot;, Helvetica, Arial, sans-serif; color: rgb(5, 5, 5); font-size: 15px; white-space: pre-wrap; background-color: rgb(255, 255, 255);\"><span class=\"pq6dq46d tbxw36s4 knj5qynh kvgmc6g5 ditlmg2l oygrvhab nvdbi5me sf5mxxl7 gl3lb2sf hhz5lgdu\" style=\"margin: 0px 1px; height: 16px; width: 16px; display: inline-flex; vertical-align: middle; font-family: inherit;\"><img height=\"16\" width=\"16\" alt=\"?\" referrerpolicy=\"origin-when-cross-origin\" src=\"https://static.xx.fbcdn.net/images/emoji.php/v9/te0/1/16/1f31f.png\" style=\"border: 0px;\"></span> Da lót da bê zermat chống thấm mồ hôi</div><div dir=\"auto\" style=\"font-family: &quot;Segoe UI Historic&quot;, &quot;Segoe UI&quot;, Helvetica, Arial, sans-serif; color: rgb(5, 5, 5); font-size: 15px; white-space: pre-wrap; background-color: rgb(255, 255, 255);\"><span class=\"pq6dq46d tbxw36s4 knj5qynh kvgmc6g5 ditlmg2l oygrvhab nvdbi5me sf5mxxl7 gl3lb2sf hhz5lgdu\" style=\"margin: 0px 1px; height: 16px; width: 16px; display: inline-flex; vertical-align: middle; font-family: inherit;\"><img height=\"16\" width=\"16\" alt=\"✊\" referrerpolicy=\"origin-when-cross-origin\" src=\"https://static.xx.fbcdn.net/images/emoji.php/v9/t5f/1/16/270a.png\" style=\"border: 0px;\"></span>Với đặc tính Bền, Ôm tay, Không thấm nước đeo không sợ hôi tay</div><div dir=\"auto\" style=\"font-family: &quot;Segoe UI Historic&quot;, &quot;Segoe UI&quot;, Helvetica, Arial, sans-serif; color: rgb(5, 5, 5); font-size: 15px; white-space: pre-wrap; background-color: rgb(255, 255, 255);\"><span class=\"pq6dq46d tbxw36s4 knj5qynh kvgmc6g5 ditlmg2l oygrvhab nvdbi5me sf5mxxl7 gl3lb2sf hhz5lgdu\" style=\"margin: 0px 1px; height: 16px; width: 16px; display: inline-flex; vertical-align: middle; font-family: inherit;\"><img height=\"16\" width=\"16\" alt=\"?️\" referrerpolicy=\"origin-when-cross-origin\" src=\"https://static.xx.fbcdn.net/images/emoji.php/v9/t6b/1/16/1f575.png\" style=\"border: 0px;\"></span> Kiểu dáng thời trang, tinh tế trong từng đường chỉ, mang lại phong cách mới lạ, sang trọng cho apple-watch của bạn.</div><div dir=\"auto\" style=\"font-family: &quot;Segoe UI Historic&quot;, &quot;Segoe UI&quot;, Helvetica, Arial, sans-serif; color: rgb(5, 5, 5); font-size: 15px; white-space: pre-wrap; background-color: rgb(255, 255, 255);\"><span class=\"pq6dq46d tbxw36s4 knj5qynh kvgmc6g5 ditlmg2l oygrvhab nvdbi5me sf5mxxl7 gl3lb2sf hhz5lgdu\" style=\"margin: 0px 1px; height: 16px; width: 16px; display: inline-flex; vertical-align: middle; font-family: inherit;\"><img height=\"16\" width=\"16\" alt=\"?\" referrerpolicy=\"origin-when-cross-origin\" src=\"https://static.xx.fbcdn.net/images/emoji.php/v9/te0/1/16/1f31f.png\" style=\"border: 0px;\"></span>Đầy đủ các size cho apple watch</div><div dir=\"auto\" style=\"font-family: &quot;Segoe UI Historic&quot;, &quot;Segoe UI&quot;, Helvetica, Arial, sans-serif; color: rgb(5, 5, 5); font-size: 15px; white-space: pre-wrap; background-color: rgb(255, 255, 255);\"><span class=\"pq6dq46d tbxw36s4 knj5qynh kvgmc6g5 ditlmg2l oygrvhab nvdbi5me sf5mxxl7 gl3lb2sf hhz5lgdu\" style=\"margin: 0px 1px; height: 16px; width: 16px; display: inline-flex; vertical-align: middle; font-family: inherit;\"><img height=\"16\" width=\"16\" alt=\"?\" referrerpolicy=\"origin-when-cross-origin\" src=\"https://static.xx.fbcdn.net/images/emoji.php/v9/t77/1/16/1f3e1.png\" style=\"border: 0px;\"></span>251 Giáp Nhất, Nhân Chính, Thanh Xuân, Hà Nội </div><div dir=\"auto\" style=\"font-family: &quot;Segoe UI Historic&quot;, &quot;Segoe UI&quot;, Helvetica, Arial, sans-serif; color: rgb(5, 5, 5); font-size: 15px; white-space: pre-wrap; background-color: rgb(255, 255, 255);\"><span class=\"pq6dq46d tbxw36s4 knj5qynh kvgmc6g5 ditlmg2l oygrvhab nvdbi5me sf5mxxl7 gl3lb2sf hhz5lgdu\" style=\"margin: 0px 1px; height: 16px; width: 16px; display: inline-flex; vertical-align: middle; font-family: inherit;\"><img height=\"16\" width=\"16\" alt=\"☎️\" referrerpolicy=\"origin-when-cross-origin\" src=\"https://static.xx.fbcdn.net/images/emoji.php/v9/t22/1/16/260e.png\" style=\"border: 0px;\"></span>096 580 60 29</div>','product/avatar/handmade-do-ruou-vang-1.jpg',23,'2021-04-04 22:18:40','2021-04-06 01:14:01',NULL,NULL,1,'day-da-handmade-o-ruou-vang-1617646441336','Đỏ rượu vang','Da bê zermat');
/*!40000 ALTER TABLE `tbl_products` ENABLE KEYS */;
UNLOCK TABLES;

--
-- Table structure for table `tbl_products_images`
--

DROP TABLE IF EXISTS `tbl_products_images`;
/*!40101 SET @saved_cs_client     = @@character_set_client */;
/*!50503 SET character_set_client = utf8mb4 */;
CREATE TABLE `tbl_products_images` (
  `id` int NOT NULL AUTO_INCREMENT,
  `title` varchar(500) CHARACTER SET utf8 COLLATE utf8_general_ci NOT NULL,
  `path` varchar(200) CHARACTER SET utf8mb4 COLLATE utf8mb4_bin NOT NULL,
  `product_id` int NOT NULL,
  `created_date` datetime DEFAULT CURRENT_TIMESTAMP,
  `updated_date` datetime DEFAULT CURRENT_TIMESTAMP,
  `created_by` int DEFAULT NULL,
  `updated_by` int DEFAULT NULL,
  `status` tinyint(1) DEFAULT '1',
  PRIMARY KEY (`id`),
  KEY `fk_product_images_idx` (`product_id`),
  CONSTRAINT `fk_product_images` FOREIGN KEY (`product_id`) REFERENCES `tbl_products` (`id`)
) ENGINE=InnoDB AUTO_INCREMENT=42 DEFAULT CHARSET=utf8mb4 COLLATE=utf8mb4_bin COMMENT='Bảng dữ liệu danh sách ảnh sản phẩm';
/*!40101 SET character_set_client = @saved_cs_client */;

--
-- Dumping data for table `tbl_products_images`
--

LOCK TABLES `tbl_products_images` WRITE;
/*!40000 ALTER TABLE `tbl_products_images` DISABLE KEYS */;
INSERT INTO `tbl_products_images` VALUES (27,'day_da_be_epsome_1.1.jpg','product/picture/day_da_be_epsome_1.1.jpg',72,'2021-03-31 14:22:56',NULL,NULL,NULL,1),(28,'day_da_be_epsome_1.2.jpg','product/picture/day_da_be_epsome_1.2.jpg',72,'2021-03-31 14:23:00',NULL,NULL,NULL,1),(29,'day_da_be_epsome_1.3.jpg','product/picture/day_da_be_epsome_1.3.jpg',72,'2021-03-31 14:23:02',NULL,NULL,NULL,1),(30,'day_da_be_epsome_1.4.jpg','product/picture/day_da_be_epsome_1.4.jpg',72,'2021-03-31 14:23:05',NULL,NULL,NULL,1),(31,'xanh-corban-mau-sang-2.jpg','product/picture/xanh-corban-mau-sang-2.jpg',73,'2021-04-04 21:33:47',NULL,NULL,NULL,1),(32,'xanh-corban-mau-sang-3.jpg','product/picture/xanh-corban-mau-sang-3.jpg',73,'2021-04-04 21:33:50',NULL,NULL,NULL,1),(33,'day-khoa-bam-do-ruou-vang-2.jpg','product/picture/day-khoa-bam-do-ruou-vang-2.jpg',74,'2021-04-04 21:58:12',NULL,NULL,NULL,1),(34,'day-da-cam-va-trang-ngoc-2.jpg','product/picture/day-da-cam-va-trang-ngoc-2.jpg',75,'2021-04-04 22:04:44',NULL,NULL,NULL,1),(35,'day-da-cam-va-trang-ngoc-3.jpg','product/picture/day-da-cam-va-trang-ngoc-3.jpg',75,'2021-04-04 22:04:44',NULL,NULL,NULL,1),(36,'nau-tay.jpg','product/picture/nau-tay.jpg',76,'2021-04-04 22:08:03',NULL,NULL,NULL,1),(37,'day-da-nau-1.jpg','product/picture/day-da-nau-1.jpg',77,'2021-04-04 22:14:59',NULL,NULL,NULL,1),(38,'swift-nau-tay-1.jpg','product/picture/swift-nau-tay-1.jpg',78,'2021-04-04 22:18:22',NULL,NULL,NULL,1),(39,'swift-nau-tay-2.jpg','product/picture/swift-nau-tay-2.jpg',78,'2021-04-04 22:18:22',NULL,NULL,NULL,1),(40,'handmade-do-ruou-vang-2.jpg','product/picture/handmade-do-ruou-vang-2.jpg',79,'2021-04-04 22:23:42',NULL,NULL,NULL,1),(41,'handmade-do-ruou-vang-3.jpg','product/picture/handmade-do-ruou-vang-3.jpg',79,'2021-04-04 22:23:42',NULL,NULL,NULL,1);
/*!40000 ALTER TABLE `tbl_products_images` ENABLE KEYS */;
UNLOCK TABLES;

--
-- Table structure for table `tbl_reviews`
--

DROP TABLE IF EXISTS `tbl_reviews`;
/*!40101 SET @saved_cs_client     = @@character_set_client */;
/*!50503 SET character_set_client = utf8mb4 */;
CREATE TABLE `tbl_reviews` (
  `id` int NOT NULL AUTO_INCREMENT,
  `user_id` int NOT NULL,
  `product_id` int NOT NULL,
  `message` varchar(5000) CHARACTER SET utf8mb4 COLLATE utf8mb4_bin NOT NULL,
  `created_date` datetime DEFAULT CURRENT_TIMESTAMP,
  `updated_date` datetime DEFAULT CURRENT_TIMESTAMP,
  `created_by` int DEFAULT NULL,
  `updated_by` int DEFAULT NULL,
  `status` tinyint(1) DEFAULT '1',
  PRIMARY KEY (`id`),
  KEY `fk_comment_product_id` (`product_id`),
  KEY `fk_comment_user_id` (`user_id`),
  CONSTRAINT `fk_comment_product_id` FOREIGN KEY (`product_id`) REFERENCES `tbl_products` (`id`),
  CONSTRAINT `fk_comment_user_id` FOREIGN KEY (`user_id`) REFERENCES `tbl_users` (`id`)
) ENGINE=InnoDB AUTO_INCREMENT=30 DEFAULT CHARSET=utf8mb4 COLLATE=utf8mb4_bin COMMENT='Bảng dữ liệu chứa comment sản phẩm';
/*!40101 SET character_set_client = @saved_cs_client */;

--
-- Dumping data for table `tbl_reviews`
--

LOCK TABLES `tbl_reviews` WRITE;
/*!40000 ALTER TABLE `tbl_reviews` DISABLE KEYS */;
INSERT INTO `tbl_reviews` VALUES (24,8,79,'ok','2021-04-07 09:39:24','2021-04-07 09:39:24',NULL,NULL,0),(25,8,79,'Sản phẩm rất đẹp','2021-04-07 09:40:24','2021-04-07 09:40:24',NULL,NULL,1),(26,8,79,'Cảm ơn shop đã hướng dẫn mình lắp khóa của dây ạ.','2021-04-07 09:41:24','2021-04-07 09:41:24',NULL,NULL,1),(27,8,78,'Sản phẩm tuyệt vời','2021-04-07 09:42:24','2021-04-07 09:42:24',NULL,NULL,0),(28,8,78,'Rất đẹp ạ','2021-04-07 09:43:24','2021-04-07 09:43:24',NULL,NULL,0),(29,8,76,'Màu đẹp quá!!','2021-04-07 09:48:34','2021-04-07 09:48:34',NULL,NULL,0);
/*!40000 ALTER TABLE `tbl_reviews` ENABLE KEYS */;
UNLOCK TABLES;

--
-- Table structure for table `tbl_roles`
--

DROP TABLE IF EXISTS `tbl_roles`;
/*!40101 SET @saved_cs_client     = @@character_set_client */;
/*!50503 SET character_set_client = utf8mb4 */;
CREATE TABLE `tbl_roles` (
  `id` int NOT NULL AUTO_INCREMENT,
  `name` varchar(45) CHARACTER SET utf8mb4 COLLATE utf8mb4_bin NOT NULL,
  `description` varchar(45) CHARACTER SET utf8mb4 COLLATE utf8mb4_bin NOT NULL,
  `created_date` datetime DEFAULT CURRENT_TIMESTAMP,
  `updated_date` datetime DEFAULT CURRENT_TIMESTAMP,
  `created_by` int DEFAULT NULL,
  `updated_by` int DEFAULT NULL,
  `status` tinyint(1) DEFAULT '1',
  PRIMARY KEY (`id`)
) ENGINE=InnoDB AUTO_INCREMENT=10 DEFAULT CHARSET=utf8mb4 COLLATE=utf8mb4_bin COMMENT='Bảng dữ liệu chứa thông tin roles';
/*!40101 SET character_set_client = @saved_cs_client */;

--
-- Dumping data for table `tbl_roles`
--

LOCK TABLES `tbl_roles` WRITE;
/*!40000 ALTER TABLE `tbl_roles` DISABLE KEYS */;
INSERT INTO `tbl_roles` VALUES (7,'ADMIN','Administrator of shop',NULL,NULL,NULL,NULL,1),(8,'GUEST','Guest visit shop',NULL,NULL,NULL,NULL,1),(9,'EDITOR','<p>editor</p>','2021-03-29 20:20:29',NULL,NULL,NULL,0);
/*!40000 ALTER TABLE `tbl_roles` ENABLE KEYS */;
UNLOCK TABLES;

--
-- Table structure for table `tbl_saleorder`
--

DROP TABLE IF EXISTS `tbl_saleorder`;
/*!40101 SET @saved_cs_client     = @@character_set_client */;
/*!50503 SET character_set_client = utf8mb4 */;
CREATE TABLE `tbl_saleorder` (
  `id` int NOT NULL AUTO_INCREMENT,
  `code` varchar(45) CHARACTER SET utf8 COLLATE utf8_general_ci NOT NULL,
  `user_id` int DEFAULT NULL,
  `total` decimal(13,2) DEFAULT NULL,
  `created_date` datetime DEFAULT CURRENT_TIMESTAMP,
  `updated_date` datetime DEFAULT CURRENT_TIMESTAMP,
  `created_by` int DEFAULT NULL,
  `updated_by` int DEFAULT NULL,
  `status` tinyint(1) DEFAULT '1',
  `customer_name` varchar(100) CHARACTER SET utf8 COLLATE utf8_general_ci DEFAULT NULL,
  `customer_address` varchar(100) CHARACTER SET utf8 COLLATE utf8_general_ci DEFAULT NULL,
  `seo` varchar(200) CHARACTER SET utf8mb4 COLLATE utf8mb4_bin DEFAULT NULL,
  `customer_phone` varchar(100) CHARACTER SET utf8 COLLATE utf8_general_ci DEFAULT NULL,
  `cutomer_email` varchar(100) CHARACTER SET utf8 COLLATE utf8_general_ci DEFAULT NULL,
  PRIMARY KEY (`id`),
  KEY `user_id_idx` (`user_id`),
  CONSTRAINT `user_id` FOREIGN KEY (`user_id`) REFERENCES `tbl_users` (`id`)
) ENGINE=InnoDB AUTO_INCREMENT=29 DEFAULT CHARSET=utf8mb4 COLLATE=utf8mb4_bin COMMENT='Bảng dữ liệu chứa phiếu mua hàng';
/*!40101 SET character_set_client = @saved_cs_client */;

--
-- Dumping data for table `tbl_saleorder`
--

LOCK TABLES `tbl_saleorder` WRITE;
/*!40000 ALTER TABLE `tbl_saleorder` DISABLE KEYS */;
INSERT INTO `tbl_saleorder` VALUES (27,'ORDER-1618675291505',NULL,1050000.00,'2021-04-17 23:01:32',NULL,NULL,NULL,1,'Dương Xuân Đà 10','Nhổn','ORDER-1618675291505','1693719775','xuandapa@gmail.com'),(28,'ORDER-1618676600486',NULL,1650000.00,'2021-04-17 23:23:20',NULL,NULL,NULL,1,'Dương Xuân Đà 11','Hà Nội','ORDER-1618676600486','1693719775','xuandapa@gmail.com');
/*!40000 ALTER TABLE `tbl_saleorder` ENABLE KEYS */;
UNLOCK TABLES;

--
-- Table structure for table `tbl_saleorder_products`
--

DROP TABLE IF EXISTS `tbl_saleorder_products`;
/*!40101 SET @saved_cs_client     = @@character_set_client */;
/*!50503 SET character_set_client = utf8mb4 */;
CREATE TABLE `tbl_saleorder_products` (
  `id` int NOT NULL AUTO_INCREMENT,
  `saleorder_id` int NOT NULL,
  `product_id` int NOT NULL,
  `created_date` datetime DEFAULT CURRENT_TIMESTAMP,
  `updated_date` datetime DEFAULT CURRENT_TIMESTAMP,
  `created_by` int DEFAULT NULL,
  `updated_by` int DEFAULT NULL,
  `status` tinyint(1) DEFAULT '1',
  `quantity` int NOT NULL,
  `price_unit` decimal(13,2) NOT NULL,
  PRIMARY KEY (`id`),
  KEY `fk_saleorder_product_idx` (`saleorder_id`),
  KEY `product_id_idx` (`product_id`),
  CONSTRAINT `fk_saleorder_product` FOREIGN KEY (`saleorder_id`) REFERENCES `tbl_saleorder` (`id`),
  CONSTRAINT `product_id` FOREIGN KEY (`product_id`) REFERENCES `tbl_products` (`id`)
) ENGINE=InnoDB AUTO_INCREMENT=35 DEFAULT CHARSET=utf8mb4 COLLATE=utf8mb4_bin COMMENT='Bảng dữ liệu chứa phiếu mua hàng';
/*!40101 SET character_set_client = @saved_cs_client */;

--
-- Dumping data for table `tbl_saleorder_products`
--

LOCK TABLES `tbl_saleorder_products` WRITE;
/*!40000 ALTER TABLE `tbl_saleorder_products` DISABLE KEYS */;
INSERT INTO `tbl_saleorder_products` VALUES (32,27,79,'2021-04-17 23:01:32',NULL,NULL,NULL,1,1,550000.00),(33,27,74,'2021-04-17 23:01:32',NULL,NULL,NULL,1,1,500000.00),(34,28,79,'2021-04-17 23:23:20',NULL,NULL,NULL,1,3,550000.00);
/*!40000 ALTER TABLE `tbl_saleorder_products` ENABLE KEYS */;
UNLOCK TABLES;

--
-- Table structure for table `tbl_users`
--

DROP TABLE IF EXISTS `tbl_users`;
/*!40101 SET @saved_cs_client     = @@character_set_client */;
/*!50503 SET character_set_client = utf8mb4 */;
CREATE TABLE `tbl_users` (
  `id` int NOT NULL AUTO_INCREMENT,
  `username` varchar(45) CHARACTER SET utf8mb4 COLLATE utf8mb4_bin NOT NULL,
  `password` varchar(100) CHARACTER SET utf8mb4 COLLATE utf8mb4_bin NOT NULL,
  `email` varchar(45) CHARACTER SET utf8mb4 COLLATE utf8mb4_bin DEFAULT NULL,
  `created_date` datetime DEFAULT CURRENT_TIMESTAMP,
  `updated_date` datetime DEFAULT CURRENT_TIMESTAMP,
  `created_by` int DEFAULT NULL,
  `updated_by` int DEFAULT NULL,
  `status` tinyint(1) DEFAULT '1',
  `full_name` varchar(100) COLLATE utf8mb4_bin NOT NULL,
  `address` varchar(200) COLLATE utf8mb4_bin DEFAULT NULL,
  `phone` varchar(10) COLLATE utf8mb4_bin DEFAULT NULL,
  `avatar` varchar(200) COLLATE utf8mb4_bin DEFAULT NULL,
  PRIMARY KEY (`id`),
  UNIQUE KEY `username_UNIQUE` (`username`),
  UNIQUE KEY `email_UNIQUE` (`email`)
) ENGINE=InnoDB AUTO_INCREMENT=20 DEFAULT CHARSET=utf8mb4 COLLATE=utf8mb4_bin COMMENT='Bảng dữ liệu chứa thông tin người dùng';
/*!40101 SET character_set_client = @saved_cs_client */;

--
-- Dumping data for table `tbl_users`
--

LOCK TABLES `tbl_users` WRITE;
/*!40000 ALTER TABLE `tbl_users` DISABLE KEYS */;
INSERT INTO `tbl_users` VALUES (7,'guest','$2a$08$L.03fm/tpKoXvxlkpoqfdOUmUHu.Kdc8ucOJwRvyw2OKvR0u5rX3u','guest@abc.com',NULL,NULL,NULL,NULL,0,'',NULL,NULL,NULL),(8,'admin','$2a$04$LdTMpn6dYDsjDADvW1Ig7.pMUEWitlpN3frpzPvwq32yArFYURLU2','amdin@abc.com','2021-03-20 21:39:00','2021-04-06 06:32:44',NULL,NULL,1,'Steve Dương','Nhổn, Minh Khai, Từ Liêm, Hà Nội','0961010169',NULL),(9,'user','$2a$04$rLaJ9pKCUSpYQu5K95E8K.T7ZsXLvDeUAOLLkWVw3H9ph/pf90TCq','xuandapa@gmail.com','2021-03-20 21:39:49',NULL,NULL,NULL,1,'Dương Xuân Đà','A12A Khu tập thể học viện Nguyễn Ái Quốc','0961010169',NULL),(12,'duong-xuan-a1','$2a$04$1gVHkn5NUzKREdoP/m3huuCbVsqgCxkUrt7Gst.HyoicxXk.Ry35.','signinfb@gmail.com','2021-04-08 11:45:44',NULL,NULL,NULL,1,'Dương Xuân Đà',NULL,NULL,NULL),(14,'duong-xuan-a','$2a$04$xLJmxXzd50WACP4y0EKlsug3TzGxQQKbyWTTJngP4z1ecohBX3owC',NULL,'2021-04-08 12:46:01',NULL,NULL,NULL,1,'Dương Xuân Đà',NULL,NULL,NULL);
/*!40000 ALTER TABLE `tbl_users` ENABLE KEYS */;
UNLOCK TABLES;

--
-- Table structure for table `tbl_users_roles`
--

DROP TABLE IF EXISTS `tbl_users_roles`;
/*!40101 SET @saved_cs_client     = @@character_set_client */;
/*!50503 SET character_set_client = utf8mb4 */;
CREATE TABLE `tbl_users_roles` (
  `user_id` int NOT NULL,
  `role_id` int NOT NULL,
  PRIMARY KEY (`user_id`,`role_id`),
  KEY `fk_roles_idx` (`role_id`),
  CONSTRAINT `fk_roles` FOREIGN KEY (`role_id`) REFERENCES `tbl_roles` (`id`),
  CONSTRAINT `fk_users` FOREIGN KEY (`user_id`) REFERENCES `tbl_users` (`id`)
) ENGINE=InnoDB DEFAULT CHARSET=utf8mb4 COLLATE=utf8mb4_bin COMMENT='bảng trung gian thể hiện quan hệ n-n của users và roles';
/*!40101 SET character_set_client = @saved_cs_client */;

--
-- Dumping data for table `tbl_users_roles`
--

LOCK TABLES `tbl_users_roles` WRITE;
/*!40000 ALTER TABLE `tbl_users_roles` DISABLE KEYS */;
INSERT INTO `tbl_users_roles` VALUES (8,7),(7,8),(9,8),(12,8),(14,8);
/*!40000 ALTER TABLE `tbl_users_roles` ENABLE KEYS */;
UNLOCK TABLES;
/*!40103 SET TIME_ZONE=@OLD_TIME_ZONE */;

/*!40101 SET SQL_MODE=@OLD_SQL_MODE */;
/*!40014 SET FOREIGN_KEY_CHECKS=@OLD_FOREIGN_KEY_CHECKS */;
/*!40014 SET UNIQUE_CHECKS=@OLD_UNIQUE_CHECKS */;
/*!40101 SET CHARACTER_SET_CLIENT=@OLD_CHARACTER_SET_CLIENT */;
/*!40101 SET CHARACTER_SET_RESULTS=@OLD_CHARACTER_SET_RESULTS */;
/*!40101 SET COLLATION_CONNECTION=@OLD_COLLATION_CONNECTION */;
/*!40111 SET SQL_NOTES=@OLD_SQL_NOTES */;

-- Dump completed on 2021-04-18  0:57:09
